CustomerID,Type,Tenure
CID-523910,TaxSavings,2
CID-534279,ProvidentFund,20
CID-61253,ProvidentFund,10
CID-162032,ProvidentFund,5
CID-316769,ProvidentFund,50
CID-653497,Fixed,50
CID-339317,ProvidentFund,50
CID-67495,Fixed,2
CID-578675,TaxSavings,4
CID-823973,Flexible,4
CID-420706,Flexible,50
CID-129440,ProvidentFund,40
CID-204547,ProvidentFund,40
CID-437068,ProvidentFund,3
CID-240370,ProvidentFund,5
CID-558777,Flexible,20
CID-246770,TaxSavings,3
CID-234569,Flexible,5
CID-521244,Fixed,5
CID-754021,Fixed,3
CID-194593,Flexible,10
CID-230394,Fixed,20
CID-761677,ProvidentFund,5
CID-571657,TaxSavings,10
CID-652308,TaxSavings,50
CID-403227,Flexible,3
CID-230683,Flexible,4
CID-755311,Flexible,50
CID-294633,TaxSavings,2
CID-85269,Flexible,2
CID-9939,Fixed,2
CID-545412,TaxSavings,50
CID-518796,Fixed,20
CID-684491,Fixed,2
CID-420935,TaxSavings,2
CID-733385,ProvidentFund,3
CID-773298,Flexible,10
CID-251226,Flexible,20
CID-558037,TaxSavings,50
CID-804367,ProvidentFund,2
CID-644971,TaxSavings,20
CID-883778,Fixed,5
CID-895850,Flexible,10
CID-364430,TaxSavings,20
CID-862317,TaxSavings,4
CID-134374,Fixed,5
CID-68231,Fixed,10
CID-512343,Flexible,10
CID-563594,ProvidentFund,50
CID-27539,Fixed,20
CID-323507,ProvidentFund,4
CID-770119,Flexible,4
CID-743343,ProvidentFund,5
CID-678357,ProvidentFund,2
CID-260554,Flexible,40
CID-265326,TaxSavings,3
CID-395599,TaxSavings,50
CID-752359,TaxSavings,5
CID-96160,Flexible,40
CID-105293,TaxSavings,50
CID-490243,TaxSavings,3
CID-467260,TaxSavings,2
CID-37562,Fixed,10
CID-755079,TaxSavings,50
CID-549238,ProvidentFund,5
CID-673428,Flexible,3
CID-829355,Fixed,50
CID-38659,ProvidentFund,20
CID-478912,TaxSavings,4
CID-720614,Fixed,3
CID-350616,Fixed,2
CID-879509,TaxSavings,4
CID-878342,Fixed,20
CID-412546,Fixed,50
CID-526530,ProvidentFund,50
CID-545962,TaxSavings,3
CID-41741,Flexible,2
CID-816699,Fixed,40
CID-246795,ProvidentFund,10
CID-78996,ProvidentFund,3
CID-670104,Fixed,40
CID-353009,ProvidentFund,10
CID-671869,Fixed,5
CID-431831,TaxSavings,50
CID-795879,ProvidentFund,40
CID-763889,ProvidentFund,20
CID-159879,TaxSavings,3
CID-155496,Flexible,4
CID-90799,ProvidentFund,40
CID-897816,Fixed,5
CID-869315,Fixed,20
CID-667164,Flexible,5
CID-543025,Fixed,20
CID-663607,ProvidentFund,20
CID-53113,ProvidentFund,2
CID-486531,ProvidentFund,5
CID-254984,ProvidentFund,20
CID-265649,Fixed,10
CID-12234,Fixed,10
CID-873346,Fixed,50
CID-141161,TaxSavings,2
CID-808016,Fixed,40
CID-637642,ProvidentFund,4
CID-597295,Flexible,2
CID-591032,TaxSavings,50
CID-291530,TaxSavings,2
CID-530926,TaxSavings,4
CID-612180,ProvidentFund,5
CID-306678,TaxSavings,3
CID-111571,ProvidentFund,5
CID-335465,Flexible,4
CID-880400,Flexible,3
CID-367267,TaxSavings,5
CID-220803,Fixed,10
CID-400030,Fixed,40
CID-114317,Flexible,50
CID-535617,TaxSavings,10
CID-265463,Flexible,40
CID-90482,Fixed,3
CID-467956,TaxSavings,5
CID-174260,Fixed,4
CID-190903,TaxSavings,4
CID-14012,ProvidentFund,4
CID-510801,TaxSavings,4
CID-435946,TaxSavings,20
CID-553265,Flexible,5
CID-647190,Flexible,40
CID-179826,Fixed,10
CID-79900,Flexible,10
CID-611477,ProvidentFund,3
CID-737507,ProvidentFund,3
CID-666103,TaxSavings,20
CID-740073,Flexible,3
CID-273256,Flexible,3
CID-779646,Flexible,4
CID-136765,TaxSavings,2
CID-649825,TaxSavings,20
CID-502641,ProvidentFund,5
CID-320649,Fixed,4
CID-799387,ProvidentFund,3
CID-21067,Fixed,40
CID-210994,TaxSavings,20
CID-443368,TaxSavings,2
CID-874014,TaxSavings,4
CID-371835,Flexible,3
CID-656435,TaxSavings,4
CID-473229,Flexible,4
CID-549437,Flexible,5
CID-357307,Fixed,50
CID-263130,Flexible,50
CID-534716,Flexible,20
CID-723223,Flexible,50
CID-12440,Flexible,4
CID-190140,Flexible,3
CID-744358,Flexible,3
CID-664970,ProvidentFund,3
CID-115958,ProvidentFund,20
CID-41339,Flexible,5
CID-622532,TaxSavings,10
CID-277732,Fixed,2
CID-456744,Fixed,40
CID-337333,Flexible,20
CID-321168,ProvidentFund,10
CID-285121,ProvidentFund,50
CID-343587,TaxSavings,40
CID-442041,TaxSavings,3
CID-445663,Flexible,50
CID-313786,TaxSavings,5
CID-473114,Flexible,50
CID-866111,TaxSavings,2
CID-734411,Fixed,2
CID-709411,Flexible,2
CID-413153,Flexible,4
CID-67962,ProvidentFund,10
CID-124961,Flexible,3
CID-44710,ProvidentFund,20
CID-732817,TaxSavings,10
CID-876698,ProvidentFund,20
CID-716744,TaxSavings,3
CID-181917,Fixed,5
CID-711872,Flexible,20
CID-163885,Fixed,40
CID-763459,ProvidentFund,5
CID-781690,Fixed,50
CID-587373,Fixed,20
CID-481478,Flexible,4
CID-241524,Flexible,4
CID-148115,Flexible,4
CID-273503,Fixed,4
CID-56889,TaxSavings,20
CID-83780,ProvidentFund,50
CID-777062,Flexible,10
CID-116857,TaxSavings,20
CID-579839,Fixed,20
CID-563431,Fixed,5
CID-180222,Flexible,2
CID-459611,TaxSavings,3
CID-848442,ProvidentFund,5
CID-638796,ProvidentFund,2
CID-409884,TaxSavings,10
CID-601392,TaxSavings,5
CID-205150,TaxSavings,3
CID-60064,TaxSavings,40
CID-479208,ProvidentFund,4
CID-748971,Flexible,5
CID-695012,Flexible,4
CID-886131,ProvidentFund,20
CID-429992,Fixed,20
CID-145083,Fixed,40
CID-714349,TaxSavings,5
CID-150749,Flexible,3
CID-30543,TaxSavings,50
CID-851543,TaxSavings,5
CID-436973,ProvidentFund,50
CID-456846,Flexible,20
CID-480026,Flexible,2
CID-416840,ProvidentFund,40
CID-748816,Flexible,50
CID-97727,ProvidentFund,2
CID-517090,ProvidentFund,20
CID-478831,TaxSavings,2
CID-546663,Flexible,3
CID-120770,ProvidentFund,50
CID-188760,Fixed,10
CID-574860,ProvidentFund,40
CID-21134,ProvidentFund,10
CID-583522,Flexible,3
CID-729093,Fixed,4
CID-813695,Flexible,2
CID-493858,TaxSavings,20
CID-198246,TaxSavings,40
CID-213003,Fixed,20
CID-89549,ProvidentFund,40
CID-182888,Flexible,3
CID-534083,TaxSavings,4
CID-274405,Fixed,3
CID-411053,Flexible,2
CID-895185,Flexible,40
CID-420221,Fixed,2
CID-889589,Fixed,20
CID-423962,Fixed,40
CID-545902,Fixed,50
CID-17516,Fixed,40
CID-18750,Fixed,3
CID-733112,ProvidentFund,4
CID-735988,Flexible,2
CID-284758,Fixed,3
CID-485600,ProvidentFund,20
CID-365763,ProvidentFund,4
CID-853302,ProvidentFund,2
CID-813647,Fixed,3
CID-526952,ProvidentFund,3
CID-883426,TaxSavings,5
CID-193684,ProvidentFund,4
CID-635894,Flexible,50
CID-747012,ProvidentFund,20
CID-362304,Flexible,4
CID-501553,Fixed,2
CID-741702,Fixed,20
CID-777802,Flexible,3
CID-288434,Fixed,10
CID-877501,ProvidentFund,4
CID-128315,TaxSavings,2
CID-83242,ProvidentFund,4
CID-719756,TaxSavings,10
CID-773251,TaxSavings,10
CID-275462,ProvidentFund,40
CID-682438,Fixed,4
CID-166289,Flexible,20
CID-737574,Fixed,40
CID-1820,TaxSavings,20
CID-292248,TaxSavings,10
CID-455881,Flexible,2
CID-463742,Flexible,2
CID-814166,Flexible,20
CID-267822,ProvidentFund,4
CID-54023,Flexible,4
CID-540277,TaxSavings,5
CID-689510,Fixed,20
CID-331168,TaxSavings,3
CID-471340,TaxSavings,10
CID-186098,TaxSavings,4
CID-897363,Flexible,50
CID-865137,Fixed,50
CID-499962,Fixed,2
CID-182355,ProvidentFund,40
CID-27827,Flexible,2
CID-574812,ProvidentFund,20
CID-622285,Fixed,20
CID-825648,Flexible,10
CID-878604,TaxSavings,20
CID-776843,Flexible,50
CID-210167,TaxSavings,40
CID-510108,Flexible,50
CID-293695,Fixed,3
CID-725163,ProvidentFund,40
CID-105330,Flexible,10
CID-370205,ProvidentFund,20
CID-307900,ProvidentFund,40
CID-779719,TaxSavings,3
CID-523549,TaxSavings,40
CID-735700,TaxSavings,3
CID-514014,Flexible,4
CID-114380,Flexible,2
CID-392645,ProvidentFund,10
CID-797819,Flexible,5
CID-317549,Flexible,40
CID-634429,TaxSavings,40
CID-403070,Fixed,50
CID-744078,TaxSavings,50
CID-299299,Fixed,20
CID-567669,Fixed,50
CID-324389,Flexible,20
CID-314292,ProvidentFund,40
CID-613702,Flexible,50
CID-846717,Fixed,3
CID-12858,TaxSavings,5
CID-477505,Fixed,5
CID-779183,TaxSavings,2
CID-866489,TaxSavings,2
CID-422312,Flexible,40
CID-518251,Fixed,50
CID-33231,Flexible,40
CID-529519,Fixed,5
CID-709594,Fixed,50
CID-543816,Fixed,4
CID-811284,Flexible,10
CID-832050,TaxSavings,3
CID-312649,TaxSavings,4
CID-624427,Fixed,20
CID-791483,Flexible,5
CID-818627,Fixed,10
CID-295513,ProvidentFund,5
CID-542075,Fixed,50
CID-775460,ProvidentFund,3
CID-577939,ProvidentFund,40
CID-539342,Fixed,4
CID-453337,ProvidentFund,4
CID-175838,TaxSavings,40
CID-385767,Flexible,3
CID-875985,ProvidentFund,10
CID-261034,Fixed,50
CID-872655,TaxSavings,40
CID-313351,Flexible,4
CID-13893,Fixed,5
CID-426011,Flexible,5
CID-815882,Flexible,2
CID-29940,TaxSavings,3
CID-615738,Fixed,2
CID-240992,TaxSavings,4
CID-537298,ProvidentFund,4
CID-195043,Fixed,50
CID-451540,Fixed,2
CID-271214,Flexible,10
CID-598288,Fixed,10
CID-252720,Fixed,50
CID-641917,Fixed,3
CID-842578,ProvidentFund,4
CID-83298,Flexible,20
CID-823840,Flexible,2
CID-292333,Flexible,5
CID-839405,Fixed,3
CID-357745,Fixed,10
CID-520962,TaxSavings,4
CID-298594,TaxSavings,10
CID-199208,Fixed,10
CID-152027,ProvidentFund,40
CID-573963,ProvidentFund,10
CID-135192,Flexible,20
CID-375456,TaxSavings,5
CID-279634,Flexible,20
CID-220143,ProvidentFund,2
CID-93849,ProvidentFund,20
CID-141566,TaxSavings,20
CID-522473,ProvidentFund,5
CID-830491,Fixed,2
CID-422373,Flexible,5
CID-85912,TaxSavings,20
CID-679113,Fixed,40
CID-797213,Flexible,4
CID-338888,ProvidentFund,2
CID-71916,Flexible,3
CID-387668,Fixed,50
CID-504901,Fixed,10
CID-712600,ProvidentFund,40
CID-378971,ProvidentFund,40
CID-616079,Fixed,20
CID-753381,TaxSavings,5
CID-879869,Fixed,20
CID-214887,Fixed,40
CID-887947,TaxSavings,5
CID-318719,TaxSavings,2
CID-250513,Fixed,10
CID-236325,Fixed,40
CID-97046,Flexible,5
CID-391118,Fixed,20
CID-148440,Flexible,4
CID-441357,Fixed,2
CID-861393,Fixed,10
CID-869906,ProvidentFund,4
CID-671460,TaxSavings,5
CID-858061,Fixed,50
CID-446054,TaxSavings,4
CID-164152,ProvidentFund,10
CID-731368,Fixed,5
CID-314287,ProvidentFund,10
CID-579125,TaxSavings,3
CID-514507,Fixed,10
CID-125859,ProvidentFund,20
CID-162431,TaxSavings,20
CID-664613,Fixed,5
CID-645137,Flexible,2
CID-131905,Flexible,40
CID-235650,TaxSavings,40
CID-555882,Fixed,20
CID-746292,Fixed,50
CID-649010,ProvidentFund,4
CID-682937,ProvidentFund,10
CID-681404,ProvidentFund,2
CID-752829,Flexible,5
CID-286022,Fixed,4
CID-640004,ProvidentFund,20
CID-225746,Flexible,3
CID-858973,TaxSavings,20
CID-831912,ProvidentFund,50
CID-366169,Fixed,20
CID-8487,Flexible,50
CID-807473,Flexible,40
CID-727028,Flexible,50
CID-550405,Fixed,3
CID-187181,Fixed,50
CID-262551,Flexible,20
CID-81664,Fixed,20
CID-124863,ProvidentFund,50
CID-12622,TaxSavings,20
CID-104740,TaxSavings,4
CID-81956,Flexible,5
CID-255090,Flexible,2
CID-44275,ProvidentFund,2
CID-599388,TaxSavings,2
CID-21755,Fixed,5
CID-682218,Flexible,4
CID-652969,TaxSavings,40
CID-728801,Flexible,20
CID-53219,Flexible,20
CID-634986,TaxSavings,40
CID-756655,Fixed,2
CID-355247,TaxSavings,3
CID-897733,TaxSavings,3
CID-81757,ProvidentFund,2
CID-348214,ProvidentFund,50
CID-392954,Flexible,50
CID-696918,Flexible,4
CID-21810,Fixed,4
CID-822056,TaxSavings,50
CID-721726,TaxSavings,50
CID-248113,ProvidentFund,20
CID-354079,TaxSavings,4
CID-654053,TaxSavings,4
CID-738952,Flexible,3
CID-250458,Flexible,4
CID-651979,Flexible,5
CID-193701,ProvidentFund,5
CID-487602,Fixed,4
CID-121139,Fixed,40
CID-836701,Flexible,4
CID-820453,ProvidentFund,3
CID-484072,ProvidentFund,20
CID-671426,Flexible,4
CID-37727,ProvidentFund,3
CID-143190,Flexible,5
CID-436282,ProvidentFund,4
CID-425840,Fixed,2
CID-549009,Flexible,2
CID-728317,TaxSavings,3
CID-484401,Flexible,20
CID-208,TaxSavings,50
CID-52882,ProvidentFund,50
CID-609203,TaxSavings,4
CID-167926,ProvidentFund,3
CID-235610,ProvidentFund,4
CID-50279,Fixed,4
CID-707946,ProvidentFund,10
CID-888330,TaxSavings,4
CID-434005,Flexible,5
CID-519854,Flexible,10
CID-90631,TaxSavings,50
CID-505062,TaxSavings,3
CID-149346,TaxSavings,50
CID-698794,Fixed,4
CID-664135,ProvidentFund,4
CID-670279,Flexible,20
CID-104912,ProvidentFund,4
CID-303952,Flexible,3
CID-400743,TaxSavings,40
CID-88040,TaxSavings,5
CID-755389,Flexible,40
CID-688243,ProvidentFund,4
CID-503743,Flexible,2
CID-194052,ProvidentFund,20
CID-394147,TaxSavings,10
CID-85673,TaxSavings,50
CID-789985,Fixed,50
CID-176523,Flexible,40
CID-237374,ProvidentFund,20
CID-879623,Flexible,50
CID-747249,Flexible,5
CID-725424,ProvidentFund,40
CID-850509,Flexible,3
CID-390940,Flexible,4
CID-752570,Fixed,5
CID-53495,ProvidentFund,3
CID-259852,Fixed,5
CID-319444,Fixed,4
CID-830671,ProvidentFund,20
CID-287384,ProvidentFund,10
CID-758974,Flexible,2
CID-709922,Fixed,3
CID-694656,TaxSavings,10
CID-813582,ProvidentFund,4
CID-701049,Fixed,40
CID-210933,TaxSavings,5
CID-739556,Flexible,5
CID-183800,Flexible,2
CID-311271,TaxSavings,10
CID-665701,Fixed,2
CID-445542,ProvidentFund,50
CID-540302,Fixed,20
CID-119745,ProvidentFund,20
CID-1744,Flexible,50
CID-110037,Flexible,3
CID-298640,ProvidentFund,5
CID-417261,Fixed,2
CID-338546,TaxSavings,10
CID-795773,Fixed,5
CID-279440,TaxSavings,2
CID-498219,Fixed,10
CID-764507,ProvidentFund,50
CID-449401,ProvidentFund,40
CID-821707,TaxSavings,2
CID-267179,Fixed,4
CID-17456,TaxSavings,10
CID-58787,ProvidentFund,40
CID-870546,TaxSavings,4
CID-385200,Flexible,40
CID-644810,ProvidentFund,4
CID-637790,ProvidentFund,10
CID-19938,ProvidentFund,5
CID-198669,Flexible,2
CID-318247,ProvidentFund,5
CID-369105,Flexible,2
CID-695344,Fixed,10
CID-608296,Flexible,40
CID-557158,ProvidentFund,3
CID-349434,Flexible,20
CID-768721,Fixed,4
CID-774880,Flexible,2
CID-382500,ProvidentFund,4
CID-447583,Flexible,10
CID-178354,Fixed,2
CID-309258,ProvidentFund,4
CID-278368,Fixed,50
CID-660565,ProvidentFund,50
CID-704517,TaxSavings,50
CID-337624,ProvidentFund,50
CID-284225,TaxSavings,20
CID-577067,ProvidentFund,4
CID-359357,Fixed,5
CID-500024,TaxSavings,4
CID-58254,ProvidentFund,50
CID-68265,Flexible,2
CID-644445,Flexible,10
CID-851743,Fixed,4
CID-127393,Flexible,10
CID-808634,Flexible,40
CID-422437,Flexible,20
CID-282295,TaxSavings,4
CID-883421,Fixed,4
CID-142001,ProvidentFund,2
CID-542033,Flexible,10
CID-863600,TaxSavings,10
CID-456267,Flexible,4
CID-90939,Flexible,4
CID-424100,ProvidentFund,20
CID-392243,ProvidentFund,2
CID-694025,Flexible,4
CID-285154,TaxSavings,3
CID-414056,ProvidentFund,5
CID-486108,Fixed,50
CID-737267,ProvidentFund,2
CID-761764,ProvidentFund,4
CID-250694,ProvidentFund,20
CID-37530,ProvidentFund,4
CID-440562,TaxSavings,3
CID-551242,TaxSavings,5
CID-570342,Flexible,3
CID-14737,TaxSavings,2
CID-697377,TaxSavings,20
CID-29561,Fixed,2
CID-135799,ProvidentFund,5
CID-13157,Fixed,2
CID-392313,Fixed,5
CID-567749,Fixed,2
CID-697662,TaxSavings,50
CID-89080,TaxSavings,10
CID-666501,Flexible,50
CID-390811,Fixed,3
CID-357301,Flexible,2
CID-323417,Fixed,5
CID-839412,Fixed,20
CID-401456,TaxSavings,20
CID-28037,ProvidentFund,3
CID-63082,ProvidentFund,10
CID-51963,TaxSavings,5
CID-576903,ProvidentFund,5
CID-33049,TaxSavings,3
CID-245767,Fixed,50
CID-181813,Flexible,10
CID-745897,Fixed,4
CID-873654,Fixed,2
CID-776608,Flexible,20
CID-639831,Fixed,4
CID-841016,Fixed,50
CID-260082,ProvidentFund,2
CID-454619,Fixed,40
CID-745775,Flexible,2
CID-776402,Fixed,40
CID-544889,Fixed,3
CID-296986,Fixed,40
CID-531642,TaxSavings,50
CID-214392,Flexible,5
CID-250785,TaxSavings,5
CID-497474,ProvidentFund,2
CID-801059,Flexible,3
CID-200938,Flexible,3
CID-511144,Fixed,2
CID-190075,ProvidentFund,10
CID-58796,TaxSavings,20
CID-879934,Flexible,5
CID-680931,Fixed,2
CID-760030,ProvidentFund,2
CID-336555,ProvidentFund,40
CID-372333,ProvidentFund,2
CID-692908,ProvidentFund,50
CID-301604,ProvidentFund,3
CID-635648,TaxSavings,3
CID-833819,TaxSavings,50
CID-689835,Fixed,50
CID-208719,Flexible,50
CID-525082,Fixed,20
CID-700431,TaxSavings,40
CID-383862,ProvidentFund,20
CID-49441,ProvidentFund,40
CID-402,TaxSavings,10
CID-685950,Flexible,5
CID-299169,TaxSavings,2
CID-681282,Fixed,40
CID-124085,Flexible,4
CID-370192,Flexible,5
CID-633753,Fixed,2
CID-338718,Flexible,4
CID-51244,TaxSavings,5
CID-597041,TaxSavings,20
CID-789669,ProvidentFund,3
CID-702824,Flexible,40
CID-226488,Flexible,4
CID-897909,Flexible,40
CID-702036,Fixed,3
CID-486747,ProvidentFund,40
CID-119361,TaxSavings,4
CID-712691,ProvidentFund,40
CID-131258,Fixed,50
CID-133908,TaxSavings,50
CID-830426,ProvidentFund,4
CID-391479,TaxSavings,20
CID-290785,Fixed,50
CID-234580,Flexible,40
CID-659490,TaxSavings,4
CID-10210,TaxSavings,2
CID-232767,Fixed,2
CID-725535,Flexible,3
CID-218413,Flexible,3
CID-583599,Flexible,5
CID-704723,Fixed,5
CID-221691,Flexible,40
CID-861402,TaxSavings,5
CID-227001,TaxSavings,3
CID-446853,TaxSavings,40
CID-235233,Flexible,4
CID-855521,ProvidentFund,40
CID-340242,Flexible,5
CID-222072,Flexible,3
CID-686968,Fixed,40
CID-53932,TaxSavings,5
CID-898,Flexible,50
CID-171142,Flexible,10
CID-496270,TaxSavings,5
CID-236790,ProvidentFund,40
CID-61545,ProvidentFund,3
CID-405231,ProvidentFund,10
CID-801500,ProvidentFund,3
CID-318861,TaxSavings,2
CID-871519,ProvidentFund,50
CID-265717,ProvidentFund,3
CID-336563,ProvidentFund,5
CID-567333,Flexible,2
CID-98677,ProvidentFund,5
CID-449945,Fixed,20
CID-785676,Flexible,2
CID-475493,ProvidentFund,5
CID-483815,TaxSavings,2
CID-390021,TaxSavings,3
CID-49994,TaxSavings,5
CID-388815,Flexible,4
CID-105836,TaxSavings,5
CID-271572,Flexible,4
CID-632971,Flexible,10
CID-869386,Flexible,5
CID-612562,Fixed,3
CID-731389,ProvidentFund,20
CID-746288,ProvidentFund,2
CID-10424,Fixed,20
CID-628803,ProvidentFund,10
CID-49990,Fixed,3
CID-507747,TaxSavings,40
CID-428613,ProvidentFund,5
CID-278765,ProvidentFund,40
CID-891714,ProvidentFund,3
CID-267172,ProvidentFund,50
CID-188668,ProvidentFund,20
CID-756852,Flexible,40
CID-382059,ProvidentFund,3
CID-78299,ProvidentFund,4
CID-546850,Flexible,4
CID-829600,Flexible,50
CID-839993,ProvidentFund,2
CID-677240,Fixed,3
CID-432094,ProvidentFund,50
CID-299910,TaxSavings,40
CID-316128,Flexible,5
CID-840081,Fixed,3
CID-473941,TaxSavings,40
CID-877285,ProvidentFund,40
CID-690858,TaxSavings,10
CID-579907,Flexible,5
CID-436592,Fixed,5
CID-675933,Fixed,2
CID-346233,ProvidentFund,2
CID-262767,Flexible,2
CID-90952,Fixed,3
CID-174342,ProvidentFund,5
CID-260581,TaxSavings,10
CID-364916,TaxSavings,20
CID-167805,TaxSavings,5
CID-66100,Flexible,3
CID-798295,Flexible,50
CID-237861,Flexible,10
CID-674361,Flexible,10
CID-854818,TaxSavings,20
CID-445719,TaxSavings,50
CID-787654,ProvidentFund,10
CID-247048,ProvidentFund,4
CID-852900,ProvidentFund,4
CID-117079,ProvidentFund,5
CID-737759,ProvidentFund,20
CID-374332,TaxSavings,50
CID-465296,Fixed,5
CID-883808,Flexible,2
CID-540713,Flexible,40
CID-810335,Flexible,50
CID-823684,Fixed,4
CID-808457,Flexible,5
CID-480789,ProvidentFund,3
CID-603629,Fixed,3
CID-194719,TaxSavings,3
CID-658383,Fixed,4
CID-224459,TaxSavings,4
CID-317494,TaxSavings,2
CID-445208,Flexible,50
CID-156917,TaxSavings,20
CID-544158,Flexible,20
CID-41434,ProvidentFund,4
CID-33878,Fixed,40
CID-778303,Fixed,50
CID-855034,TaxSavings,2
CID-239368,Fixed,2
CID-211116,Flexible,40
CID-757488,Fixed,40
CID-53102,Fixed,20
CID-847477,Flexible,2
CID-591945,Fixed,20
CID-747247,Fixed,5
CID-229190,TaxSavings,10
CID-894813,Fixed,40
CID-354126,ProvidentFund,2
CID-552825,TaxSavings,4
CID-188437,Fixed,50
CID-414556,Flexible,4
CID-281738,ProvidentFund,3
CID-578197,TaxSavings,3
CID-588215,TaxSavings,50
CID-255754,Flexible,20
CID-535848,Flexible,40
CID-899068,ProvidentFund,50
CID-858907,TaxSavings,10
CID-31454,ProvidentFund,4
CID-780867,Flexible,40
CID-809214,ProvidentFund,40
CID-349037,TaxSavings,2
CID-730357,TaxSavings,5
CID-518717,Fixed,50
CID-152295,Flexible,20
CID-264857,Flexible,40
CID-196569,ProvidentFund,50
CID-700957,Flexible,50
CID-537982,Fixed,50
CID-372354,Flexible,40
CID-616314,Fixed,20
CID-206329,Fixed,50
CID-833167,Flexible,40
CID-513144,Flexible,2
CID-77804,ProvidentFund,10
CID-525576,Flexible,4
CID-765600,Flexible,4
CID-252454,Flexible,3
CID-692187,Fixed,4
CID-221799,ProvidentFund,10
CID-507523,Flexible,10
CID-367456,Fixed,4
CID-126504,TaxSavings,10
CID-328090,TaxSavings,10
CID-549671,Fixed,3
CID-50395,TaxSavings,5
CID-406882,Fixed,3
CID-181109,ProvidentFund,50
CID-352803,Flexible,40
CID-432078,Flexible,3
CID-803935,ProvidentFund,2
CID-477632,Flexible,5
CID-118187,Fixed,2
CID-513995,TaxSavings,4
CID-190763,ProvidentFund,3
CID-239426,Flexible,50
CID-208800,ProvidentFund,5
CID-346552,TaxSavings,40
CID-494310,Flexible,2
CID-480058,TaxSavings,40
CID-161454,TaxSavings,3
CID-700090,TaxSavings,50
CID-843898,Flexible,20
CID-760717,ProvidentFund,10
CID-627904,ProvidentFund,4
CID-766971,Fixed,20
CID-492810,TaxSavings,5
CID-816134,Flexible,20
CID-432952,Fixed,5
CID-172318,ProvidentFund,10
CID-364719,Flexible,50
CID-226363,Fixed,20
CID-76778,ProvidentFund,2
CID-520741,Flexible,4
CID-488493,TaxSavings,10
CID-822155,TaxSavings,5
CID-476204,Fixed,2
CID-684332,ProvidentFund,2
CID-301045,Fixed,10
CID-420099,ProvidentFund,40
CID-836993,ProvidentFund,5
CID-267354,TaxSavings,3
CID-714658,Fixed,20
CID-159430,TaxSavings,5
CID-580828,TaxSavings,3
CID-786832,ProvidentFund,10
CID-177372,Fixed,2
CID-198960,ProvidentFund,3
CID-327432,Fixed,50
CID-857147,TaxSavings,40
CID-463270,TaxSavings,50
CID-159084,Flexible,50
CID-811271,Fixed,40
CID-721631,Fixed,50
CID-415313,ProvidentFund,50
CID-648167,Fixed,4
CID-859255,Flexible,40
CID-82752,Fixed,40
CID-538672,ProvidentFund,4
CID-408588,ProvidentFund,40
CID-227125,Fixed,5
CID-532010,Flexible,2
CID-279484,Fixed,2
CID-101560,Fixed,10
CID-5952,Fixed,4
CID-579974,Flexible,3
CID-549379,Fixed,40
CID-275874,TaxSavings,50
CID-146649,Flexible,3
CID-794447,Flexible,50
CID-739263,Flexible,4
CID-525471,Flexible,2
CID-229455,ProvidentFund,4
CID-508239,Flexible,5
CID-73911,Flexible,2
CID-101316,TaxSavings,20
CID-215545,TaxSavings,40
CID-668475,TaxSavings,50
CID-628879,TaxSavings,4
CID-170658,TaxSavings,50
CID-809040,Flexible,50
CID-37099,ProvidentFund,40
CID-555458,TaxSavings,2
CID-441719,Flexible,10
CID-844936,ProvidentFund,10
CID-306361,Flexible,5
CID-237979,Flexible,2
CID-449265,Fixed,5
CID-467274,Flexible,20
CID-891403,Flexible,10
CID-343281,Flexible,20
CID-689316,ProvidentFund,3
CID-710254,ProvidentFund,50
CID-88880,Fixed,3
CID-270325,TaxSavings,5
CID-463745,TaxSavings,50
CID-136199,ProvidentFund,40
CID-735937,Flexible,10
CID-476894,TaxSavings,20
CID-361585,Flexible,3
CID-441629,Fixed,50
CID-554428,ProvidentFund,4
CID-623364,Flexible,5
CID-355169,TaxSavings,20
CID-4236,ProvidentFund,50
CID-703020,Flexible,40
CID-488742,Flexible,40
CID-270354,Fixed,5
CID-733776,Fixed,20
CID-407440,ProvidentFund,2
CID-711666,Fixed,40
CID-484791,Fixed,5
CID-698934,Flexible,4
CID-673102,Flexible,3
CID-23173,ProvidentFund,4
CID-624255,ProvidentFund,2
CID-15200,ProvidentFund,3
CID-93908,ProvidentFund,50
CID-170001,ProvidentFund,50
CID-706986,Fixed,10
CID-781120,Flexible,20
CID-370541,Flexible,50
CID-346977,ProvidentFund,4
CID-732940,Flexible,4
CID-712637,Fixed,20
CID-417959,Flexible,5
CID-314925,TaxSavings,50
CID-652025,TaxSavings,20
CID-870431,TaxSavings,4
CID-719075,TaxSavings,4
CID-287554,ProvidentFund,40
CID-729712,Fixed,4
CID-333121,Flexible,40
CID-480951,Fixed,10
CID-265329,TaxSavings,50
CID-507345,Flexible,2
CID-127225,Flexible,50
CID-82226,ProvidentFund,3
CID-410420,TaxSavings,4
CID-361628,Flexible,2
CID-324988,ProvidentFund,5
CID-102944,ProvidentFund,3
CID-499379,ProvidentFund,5
CID-752224,TaxSavings,10
CID-634792,ProvidentFund,4
CID-376673,Fixed,20
CID-12535,Flexible,10
CID-347945,ProvidentFund,3
CID-180899,Flexible,40
CID-654317,TaxSavings,3
CID-821882,TaxSavings,3
CID-470829,Flexible,50
CID-358874,ProvidentFund,4
CID-54783,Flexible,5
CID-426692,Fixed,3
CID-859549,ProvidentFund,40
CID-609492,Flexible,10
CID-859573,TaxSavings,2
CID-445244,TaxSavings,4
CID-246161,TaxSavings,50
CID-251707,Flexible,3
CID-457741,Flexible,40
CID-364198,TaxSavings,4
CID-648931,Fixed,10
CID-666276,ProvidentFund,20
CID-460347,ProvidentFund,4
CID-334453,ProvidentFund,50
CID-866308,Flexible,20
CID-609196,ProvidentFund,10
CID-878202,ProvidentFund,3
CID-139867,Fixed,5
CID-237714,ProvidentFund,2
CID-339775,ProvidentFund,50
CID-519330,TaxSavings,20
CID-815905,TaxSavings,2
CID-858456,Fixed,5
CID-627756,Flexible,3
CID-733909,TaxSavings,2
CID-880005,Flexible,5
CID-467900,TaxSavings,40
CID-407259,Flexible,40
CID-168571,Fixed,3
CID-707384,TaxSavings,40
CID-879798,Flexible,20
CID-534653,TaxSavings,10
CID-693373,Flexible,5
CID-286412,Fixed,5
CID-801608,Fixed,50
CID-541159,Flexible,50
CID-736754,ProvidentFund,20
CID-797661,TaxSavings,2
CID-604147,Flexible,10
CID-611907,Fixed,5
CID-84117,ProvidentFund,3
CID-826025,Fixed,4
CID-517776,Flexible,3
CID-420061,Fixed,4
CID-258155,TaxSavings,10
CID-213378,TaxSavings,4
CID-220957,Fixed,2
CID-316073,Flexible,3
CID-407498,Flexible,20
CID-404473,Flexible,10
CID-512698,Flexible,2
CID-463849,ProvidentFund,20
CID-171857,Fixed,3
CID-295678,ProvidentFund,40
CID-368665,Flexible,4
CID-569250,Fixed,4
CID-88987,Flexible,10
CID-81598,Fixed,2
CID-298617,Flexible,2
CID-859537,Flexible,3
CID-118849,ProvidentFund,50
CID-834261,ProvidentFund,10
CID-737511,Fixed,4
CID-477595,ProvidentFund,4
CID-715736,TaxSavings,5
CID-661072,TaxSavings,3
CID-456489,Fixed,40
CID-358724,Flexible,4
CID-149755,TaxSavings,10
CID-766883,Fixed,40
CID-254778,TaxSavings,3
CID-592991,Flexible,40
CID-60788,Fixed,2
CID-628209,ProvidentFund,4
CID-468953,Fixed,2
CID-27834,Flexible,20
CID-652384,Flexible,2
CID-649270,TaxSavings,10
CID-614182,Fixed,50
CID-308856,ProvidentFund,4
CID-714781,TaxSavings,5
CID-781215,Fixed,2
CID-665118,Fixed,3
CID-88592,ProvidentFund,3
CID-536016,Flexible,3
CID-84670,TaxSavings,20
CID-805470,Fixed,2
CID-90301,Fixed,50
CID-278953,TaxSavings,3
CID-58397,TaxSavings,4
CID-700117,TaxSavings,40
CID-298806,TaxSavings,20
CID-729226,Fixed,10
CID-573698,ProvidentFund,4
CID-485994,Flexible,3
CID-497222,TaxSavings,10
CID-478489,TaxSavings,3
CID-759854,Fixed,4
CID-657254,Flexible,50
CID-356494,TaxSavings,20
CID-733636,ProvidentFund,50
CID-544721,Flexible,5
CID-568173,Fixed,4
CID-90403,TaxSavings,4
CID-150729,Flexible,50
CID-495939,ProvidentFund,50
CID-406978,Fixed,5
CID-88025,Fixed,50
CID-425377,Flexible,40
CID-286003,TaxSavings,10
CID-529434,TaxSavings,50
CID-584507,ProvidentFund,4
CID-120663,Fixed,3
CID-59622,TaxSavings,20
CID-28538,Fixed,50
CID-415553,Flexible,40
CID-237259,TaxSavings,4
CID-541107,ProvidentFund,20
CID-685706,ProvidentFund,40
CID-504504,ProvidentFund,4
CID-650453,Fixed,4
CID-652658,ProvidentFund,50
CID-503058,TaxSavings,5
CID-491792,Flexible,10
CID-284215,ProvidentFund,50
CID-742616,Flexible,40
CID-558733,ProvidentFund,5
CID-148412,Flexible,2
CID-106518,Flexible,4
CID-477096,ProvidentFund,40
CID-115835,Fixed,50
CID-786038,Fixed,4
CID-798483,Flexible,20
CID-134577,Flexible,5
CID-432595,TaxSavings,3
CID-878483,Fixed,5
CID-893133,ProvidentFund,40
CID-634438,Flexible,3
CID-565342,Fixed,10
CID-795669,ProvidentFund,2
CID-350949,Fixed,2
CID-695917,Flexible,5
CID-277191,Fixed,2
CID-686747,TaxSavings,4
CID-297646,Flexible,2
CID-571591,Fixed,5
CID-103071,TaxSavings,50
CID-597017,Fixed,3
CID-555718,Fixed,4
CID-170971,ProvidentFund,20
CID-221192,Fixed,40
CID-870357,Flexible,40
CID-571228,TaxSavings,20
CID-139266,TaxSavings,20
CID-466528,TaxSavings,2
CID-738350,Flexible,2
CID-744323,Flexible,4
CID-560816,Fixed,4
CID-607092,TaxSavings,2
CID-113656,TaxSavings,3
CID-87311,Flexible,50
CID-323073,Fixed,20
CID-357814,ProvidentFund,20
CID-869120,Flexible,5
CID-441423,Fixed,40
CID-561890,Flexible,20
CID-880323,TaxSavings,20
CID-135873,Fixed,5
CID-835719,ProvidentFund,10
CID-737276,Flexible,40
CID-548098,TaxSavings,4
CID-545988,Fixed,50
CID-731157,ProvidentFund,4
CID-606647,Fixed,3
CID-86696,TaxSavings,10
CID-124328,TaxSavings,2
CID-28666,ProvidentFund,20
CID-148913,Fixed,40
CID-61846,ProvidentFund,2
CID-191867,ProvidentFund,5
CID-652386,Flexible,2
CID-292495,Flexible,10
CID-709718,Fixed,50
CID-61906,Flexible,2
CID-349417,ProvidentFund,5
CID-783944,Fixed,4
CID-251243,Fixed,10
CID-442397,Flexible,10
CID-33313,ProvidentFund,5
CID-326035,Fixed,40
CID-744747,TaxSavings,40
CID-131940,ProvidentFund,10
CID-562376,Fixed,40
CID-594010,ProvidentFund,10
CID-780047,Fixed,40
CID-190317,Fixed,50
CID-835849,TaxSavings,4
CID-158083,Fixed,40
CID-642919,Flexible,20
CID-106155,ProvidentFund,10
CID-802487,TaxSavings,10
CID-769498,ProvidentFund,3
CID-385695,Fixed,20
CID-559286,Fixed,5
CID-810869,Fixed,2
CID-388201,Flexible,50
CID-653520,Fixed,4
CID-162309,TaxSavings,2
CID-190939,Flexible,50
CID-52463,TaxSavings,4
CID-764647,ProvidentFund,4
CID-33556,Fixed,3
CID-263848,ProvidentFund,3
CID-148433,Fixed,20
CID-242453,TaxSavings,5
CID-760843,Fixed,2
CID-401334,TaxSavings,2
CID-478265,TaxSavings,4
CID-822163,ProvidentFund,10
CID-778723,Flexible,2
CID-312183,Fixed,5
CID-248821,ProvidentFund,50
CID-11175,ProvidentFund,10
CID-348657,Fixed,10
CID-124091,TaxSavings,50
CID-359746,ProvidentFund,50
CID-497353,ProvidentFund,10
CID-627415,ProvidentFund,2
CID-513511,Fixed,3
CID-658973,ProvidentFund,5
CID-835851,Fixed,4
CID-607597,Flexible,2
CID-470742,TaxSavings,2
CID-277058,TaxSavings,5
CID-805429,TaxSavings,2
CID-532543,ProvidentFund,5
CID-590846,TaxSavings,10
CID-423784,Flexible,2
CID-360983,TaxSavings,10
CID-829803,TaxSavings,2
CID-390983,ProvidentFund,40
CID-477881,Flexible,50
CID-599238,Flexible,50
CID-365561,TaxSavings,3
CID-473907,ProvidentFund,40
CID-46448,Flexible,2
CID-261883,TaxSavings,3
CID-417047,Flexible,3
CID-79780,Fixed,10
CID-305948,TaxSavings,50
CID-691426,TaxSavings,40
CID-820996,Fixed,2
CID-832383,TaxSavings,50
CID-462993,ProvidentFund,5
CID-708656,Flexible,4
CID-601252,Fixed,4
CID-398618,ProvidentFund,50
CID-542332,ProvidentFund,5
CID-871486,ProvidentFund,3
CID-133259,ProvidentFund,3
CID-521737,TaxSavings,40
CID-54845,Flexible,2
CID-93682,Flexible,10
CID-90951,Fixed,2
CID-497215,Fixed,4
CID-580992,Flexible,10
CID-832449,ProvidentFund,20
CID-320255,ProvidentFund,2
CID-23583,TaxSavings,4
CID-863503,ProvidentFund,4
CID-869495,Fixed,2
CID-258730,TaxSavings,40
CID-66189,Fixed,20
CID-47373,ProvidentFund,3
CID-658832,TaxSavings,10
CID-572327,Flexible,50
CID-296671,ProvidentFund,4
CID-178066,Flexible,2
CID-621165,ProvidentFund,10
CID-505931,Fixed,5
CID-686850,ProvidentFund,40
CID-437408,Fixed,10
CID-364580,ProvidentFund,5
CID-834967,Flexible,10
CID-794045,TaxSavings,2
CID-344439,Flexible,50
CID-898559,TaxSavings,20
CID-542993,ProvidentFund,50
CID-188031,ProvidentFund,5
CID-354331,Flexible,50
CID-734857,ProvidentFund,4
CID-696297,ProvidentFund,4
CID-33965,ProvidentFund,3
CID-11434,ProvidentFund,2
CID-360772,Flexible,50
CID-736961,Fixed,10
CID-638600,Fixed,50
CID-685362,Flexible,5
CID-718754,Fixed,4
CID-558122,Fixed,40
CID-799764,Flexible,40
CID-652393,Fixed,10
CID-518355,TaxSavings,10
CID-216106,Fixed,5
CID-655191,TaxSavings,20
CID-860831,TaxSavings,4
CID-435047,ProvidentFund,5
CID-552595,ProvidentFund,2
CID-690352,Flexible,4
CID-297072,Fixed,3
CID-818660,Flexible,40
CID-738994,Flexible,3
CID-445659,ProvidentFund,10
CID-154567,TaxSavings,4
CID-379217,Fixed,3
CID-755067,ProvidentFund,50
CID-107727,ProvidentFund,20
CID-502206,ProvidentFund,4
CID-88163,TaxSavings,50
CID-785034,TaxSavings,2
CID-697388,ProvidentFund,20
CID-590430,Fixed,10
CID-516862,TaxSavings,10
CID-613898,Fixed,4
CID-845529,ProvidentFund,10
CID-145211,Fixed,50
CID-136448,TaxSavings,20
CID-569271,Flexible,20
CID-835710,Fixed,20
CID-340013,TaxSavings,4
CID-164885,Fixed,20
CID-846795,Fixed,3
CID-140240,Fixed,40
CID-846136,ProvidentFund,4
CID-774834,Flexible,20
CID-233487,Fixed,2
CID-478150,Flexible,4
CID-490259,ProvidentFund,20
CID-189653,Flexible,2
CID-558984,TaxSavings,40
CID-255462,Flexible,40
CID-832141,TaxSavings,3
CID-801422,Fixed,20
CID-657573,ProvidentFund,40
CID-255788,TaxSavings,2
CID-396455,ProvidentFund,10
CID-564732,ProvidentFund,50
CID-288717,Fixed,2
CID-132747,Fixed,5
CID-826318,Fixed,50
CID-603605,TaxSavings,4
CID-143372,ProvidentFund,5
CID-667693,Fixed,5
CID-202628,Flexible,50
CID-493915,Fixed,4
CID-669637,TaxSavings,20
CID-179116,ProvidentFund,2
CID-769954,Flexible,40
CID-483180,TaxSavings,40
CID-623414,Flexible,2
CID-552285,Fixed,5
CID-732829,Fixed,20
CID-688752,ProvidentFund,3
CID-178980,Fixed,40
CID-92801,TaxSavings,40
CID-151462,TaxSavings,5
CID-280757,ProvidentFund,5
CID-518313,TaxSavings,5
CID-387309,ProvidentFund,2
CID-262282,Fixed,20
CID-874591,Fixed,40
CID-710698,ProvidentFund,4
CID-743015,TaxSavings,10
CID-446350,Fixed,10
CID-885013,ProvidentFund,20
CID-348787,TaxSavings,10
CID-639091,Flexible,2
CID-555862,ProvidentFund,40
CID-646458,Fixed,50
CID-781098,ProvidentFund,2
CID-189796,TaxSavings,5
CID-543780,Fixed,40
CID-628899,Flexible,40
CID-884320,Flexible,2
CID-615895,Fixed,4
CID-815816,ProvidentFund,2
CID-492660,Flexible,10
CID-467713,Flexible,20
CID-22640,Fixed,50
CID-281937,Flexible,3
CID-247706,TaxSavings,4
CID-67073,Flexible,4
CID-508193,Fixed,2
CID-723867,ProvidentFund,3
CID-64717,TaxSavings,50
CID-381462,TaxSavings,5
CID-833883,ProvidentFund,10
CID-51261,Flexible,10
CID-367046,ProvidentFund,5
CID-685059,Flexible,3
CID-43613,TaxSavings,50
CID-65846,Flexible,50
CID-216014,Fixed,4
CID-762656,Flexible,2
CID-634403,Flexible,3
CID-777804,TaxSavings,2
CID-571406,Fixed,20
CID-873890,Flexible,50
CID-439103,Flexible,20
CID-464917,ProvidentFund,20
CID-418195,Flexible,5
CID-423929,Flexible,3
CID-196888,TaxSavings,20
CID-515250,TaxSavings,4
CID-856823,TaxSavings,3
CID-447984,Fixed,20
CID-482209,ProvidentFund,5
CID-627133,TaxSavings,2
CID-519260,TaxSavings,5
CID-370424,Fixed,3
CID-808140,TaxSavings,3
CID-365241,Flexible,10
CID-739477,TaxSavings,2
CID-89044,Flexible,4
CID-555374,Fixed,2
CID-124520,ProvidentFund,50
CID-253003,ProvidentFund,10
CID-332664,Flexible,3
CID-720085,Fixed,2
CID-655520,TaxSavings,20
CID-317740,ProvidentFund,40
CID-422656,TaxSavings,20
CID-642457,Flexible,20
CID-326489,Flexible,10
CID-860539,ProvidentFund,40
CID-475130,ProvidentFund,10
CID-772707,ProvidentFund,3
CID-305635,TaxSavings,4
CID-193760,Flexible,20
CID-174947,Fixed,5
CID-897554,Fixed,4
CID-368615,TaxSavings,20
CID-842270,Fixed,40
CID-556028,TaxSavings,20
CID-767691,ProvidentFund,3
CID-291941,ProvidentFund,50
CID-576263,ProvidentFund,50
CID-173453,TaxSavings,20
CID-329077,TaxSavings,50
CID-540502,Fixed,3
CID-282840,ProvidentFund,4
CID-572943,TaxSavings,2
CID-466510,Fixed,4
CID-648544,Fixed,4
CID-315972,Fixed,40
CID-677356,Fixed,40
CID-440329,Flexible,4
CID-237263,ProvidentFund,2
CID-528993,ProvidentFund,40
CID-868476,Fixed,3
CID-204359,Fixed,40
CID-845871,Fixed,4
CID-632170,TaxSavings,20
CID-823004,Fixed,20
CID-362414,TaxSavings,20
CID-152089,ProvidentFund,50
CID-200116,Fixed,20
CID-167169,Fixed,50
CID-442132,Fixed,3
CID-310837,ProvidentFund,50
CID-769434,Flexible,4
CID-555765,Fixed,20
CID-682607,Flexible,10
CID-59205,TaxSavings,4
CID-829142,ProvidentFund,3
CID-504290,ProvidentFund,2
CID-44490,Flexible,5
CID-773094,Flexible,2
CID-807938,ProvidentFund,20
CID-230777,ProvidentFund,10
CID-850108,Fixed,50
CID-41881,Fixed,5
CID-808367,Flexible,40
CID-409044,Flexible,50
CID-494447,Flexible,4
CID-12790,Flexible,40
CID-375339,Fixed,50
CID-434536,Fixed,2
CID-405584,ProvidentFund,4
CID-225101,ProvidentFund,3
CID-247532,Fixed,5
CID-712667,TaxSavings,50
CID-844581,ProvidentFund,3
CID-440665,Fixed,50
CID-749298,ProvidentFund,2
CID-379311,Flexible,2
CID-75640,Fixed,4
CID-84457,ProvidentFund,5
CID-256405,Fixed,2
CID-209837,TaxSavings,5
CID-323677,ProvidentFund,4
CID-513007,Fixed,40
CID-531638,Flexible,20
CID-291774,TaxSavings,20
CID-885062,ProvidentFund,3
CID-792482,Flexible,5
CID-320745,ProvidentFund,50
CID-810067,Flexible,2
CID-827509,Flexible,50
CID-221756,ProvidentFund,20
CID-107300,ProvidentFund,50
CID-48677,Fixed,2
CID-652473,Fixed,2
CID-413475,Flexible,2
CID-782566,Fixed,2
CID-568711,Fixed,3
CID-636239,Flexible,2
CID-775539,Flexible,3
CID-441350,ProvidentFund,40
CID-329646,TaxSavings,50
