CustomerID,LoanID,Type,SanctionedAmount,Tenure
CID-384362,LID-289455,Housing,50000,4
CID-117303,LID-860941,Personal,2.00E+05,2
CID-452616,LID-184563,Housing,1.00E+05,2
CID-18594,LID-392035,Personal,5.00E+05,10
CID-44275,LID-86153,Housing,2.00E+05,5
CID-143773,LID-110989,Personal,50000,4
CID-134880,LID-464070,Housing,2.00E+05,2
CID-871057,LID-544853,Housing,5.00E+05,5
CID-395599,LID-354646,Personal,1.00E+05,3
CID-437620,LID-327443,Vehicle,1.00E+05,2
CID-574632,LID-284659,Personal,5.00E+05,10
CID-74152,LID-464835,Personal,1.00E+05,5
CID-896006,LID-326062,Personal,2.00E+05,5
CID-888113,LID-839447,Housing,1.00E+05,3
CID-844952,LID-502200,Vehicle,1.00E+05,3
CID-613018,LID-258885,Housing,1.00E+05,4
CID-17391,LID-155726,Housing,50000,4
CID-755137,LID-339208,Housing,1.00E+05,5
CID-232693,LID-646778,Vehicle,2.00E+05,3
CID-205131,LID-676414,Vehicle,2.00E+05,3
CID-438997,LID-592351,Housing,2.00E+05,5
CID-91299,LID-276911,Vehicle,2.00E+05,4
CID-589118,LID-609998,Vehicle,1.00E+05,2
CID-732709,LID-18564,Vehicle,5.00E+05,2
CID-679382,LID-74113,Vehicle,1.00E+05,5
CID-363501,LID-410493,Vehicle,5.00E+05,4
CID-682553,LID-257592,Vehicle,2.00E+05,5
CID-334636,LID-317146,Personal,50000,4
CID-11596,LID-546464,Housing,2.00E+05,5
CID-100762,LID-301825,Vehicle,1.00E+05,5
CID-415164,LID-242282,Personal,50000,4
CID-23548,LID-875693,Personal,50000,2
CID-784944,LID-780777,Housing,1.00E+05,2
CID-467713,LID-836052,Personal,2.00E+05,5
CID-139867,LID-110833,Personal,1.00E+05,10
CID-387020,LID-147091,Housing,1.00E+05,2
CID-564284,LID-137415,Personal,1.00E+05,4
CID-475560,LID-288176,Housing,1.00E+05,3
CID-183214,LID-703638,Housing,2.00E+05,2
CID-90631,LID-213817,Personal,1.00E+05,3
CID-453880,LID-439697,Housing,50000,5
CID-177267,LID-807657,Personal,1.00E+05,3
CID-60838,LID-734396,Vehicle,5.00E+05,3
CID-477096,LID-21728,Vehicle,2.00E+05,3
CID-542616,LID-873655,Housing,2.00E+05,5
CID-666503,LID-425468,Personal,5.00E+05,4
CID-324202,LID-515016,Housing,1.00E+05,5
CID-302214,LID-368661,Vehicle,1.00E+05,3
CID-420061,LID-741952,Personal,50000,3
CID-622405,LID-293733,Housing,1.00E+05,5
CID-611943,LID-413232,Personal,1.00E+05,4
CID-487116,LID-405410,Vehicle,1.00E+05,10
CID-443978,LID-653207,Personal,2.00E+05,3
CID-372885,LID-293138,Housing,1.00E+05,4
CID-73516,LID-30375,Personal,50000,5
CID-44547,LID-793536,Personal,50000,3
CID-488742,LID-275420,Personal,50000,3
CID-402993,LID-342208,Housing,1.00E+05,5
CID-404924,LID-336143,Personal,2.00E+05,5
CID-848175,LID-537412,Personal,50000,2
CID-766971,LID-830646,Vehicle,2.00E+05,10
CID-228705,LID-685962,Personal,1.00E+05,3
CID-553047,LID-771468,Housing,5.00E+05,10
CID-280971,LID-375861,Housing,5.00E+05,4
CID-752642,LID-97883,Housing,1.00E+05,3
CID-420770,LID-278471,Housing,1.00E+05,4
CID-327938,LID-858544,Personal,2.00E+05,5
CID-621441,LID-722982,Personal,1.00E+05,10
CID-772224,LID-662357,Personal,1.00E+05,3
CID-40637,LID-742721,Personal,1.00E+05,3
CID-669654,LID-424161,Housing,5.00E+05,3
CID-88778,LID-41362,Vehicle,5.00E+05,5
CID-879780,LID-812461,Vehicle,50000,2
CID-890173,LID-122862,Personal,2.00E+05,3
CID-808457,LID-415933,Vehicle,2.00E+05,3
CID-38606,LID-271289,Personal,50000,3
CID-75255,LID-27748,Housing,1.00E+05,3
CID-452383,LID-609151,Vehicle,50000,10
CID-698652,LID-430448,Personal,5.00E+05,2
CID-710567,LID-886126,Personal,2.00E+05,10
CID-350080,LID-165104,Vehicle,1.00E+05,4
CID-437408,LID-143568,Personal,1.00E+05,10
CID-258786,LID-793513,Vehicle,2.00E+05,10
CID-410599,LID-682917,Personal,1.00E+05,4
CID-6810,LID-303714,Housing,2.00E+05,4
CID-518919,LID-77009,Vehicle,50000,4
CID-63082,LID-111061,Vehicle,1.00E+05,2
CID-51381,LID-118333,Personal,1.00E+05,4
CID-284219,LID-329854,Vehicle,5.00E+05,4
CID-471672,LID-504445,Housing,1.00E+05,3
CID-63200,LID-623834,Housing,2.00E+05,2
CID-126005,LID-345489,Housing,1.00E+05,2
CID-593775,LID-587819,Vehicle,5.00E+05,4
CID-453098,LID-329125,Housing,2.00E+05,2
CID-87403,LID-644222,Housing,1.00E+05,3
CID-366169,LID-255264,Vehicle,2.00E+05,5
CID-320649,LID-633613,Personal,1.00E+05,3
CID-577955,LID-454219,Vehicle,50000,10
CID-703761,LID-890815,Vehicle,50000,10
CID-413410,LID-130450,Housing,1.00E+05,4
CID-272291,LID-557769,Vehicle,2.00E+05,4
CID-490243,LID-622450,Vehicle,1.00E+05,10
CID-31620,LID-513642,Personal,1.00E+05,10
CID-88226,LID-132226,Personal,50000,2
CID-720790,LID-744676,Vehicle,5.00E+05,5
CID-710067,LID-440156,Vehicle,5.00E+05,10
CID-372221,LID-698312,Vehicle,2.00E+05,3
CID-508478,LID-489359,Vehicle,50000,2
CID-21212,LID-434724,Personal,1.00E+05,3
CID-872843,LID-877406,Vehicle,5.00E+05,4
CID-117239,LID-371153,Housing,1.00E+05,3
CID-544109,LID-62787,Housing,50000,2
CID-380136,LID-813984,Personal,1.00E+05,3
CID-355725,LID-654407,Personal,1.00E+05,3
CID-528277,LID-53359,Vehicle,2.00E+05,3
CID-423744,LID-611159,Personal,50000,5
CID-658459,LID-772279,Personal,50000,5
CID-887079,LID-700554,Vehicle,5.00E+05,5
CID-750666,LID-315699,Vehicle,50000,3
CID-425151,LID-94465,Vehicle,1.00E+05,4
CID-244054,LID-802419,Vehicle,50000,2
CID-800842,LID-756674,Vehicle,50000,4
CID-656024,LID-46454,Vehicle,1.00E+05,5
CID-415986,LID-726655,Personal,1.00E+05,4
CID-65811,LID-126440,Housing,1.00E+05,4
CID-516714,LID-518012,Housing,2.00E+05,10
CID-581864,LID-229283,Personal,1.00E+05,2
CID-91812,LID-460225,Personal,50000,5
CID-502641,LID-372043,Housing,1.00E+05,3
CID-702013,LID-764387,Housing,2.00E+05,4
CID-454119,LID-281027,Vehicle,5.00E+05,2
CID-18068,LID-38047,Housing,50000,5
CID-662480,LID-345554,Personal,1.00E+05,3
CID-371709,LID-278552,Vehicle,50000,2
CID-377264,LID-417150,Housing,2.00E+05,3
CID-676657,LID-766461,Vehicle,2.00E+05,10
CID-857487,LID-269973,Housing,5.00E+05,5
CID-70611,LID-602458,Personal,50000,2
CID-631542,LID-196523,Personal,1.00E+05,5
CID-658973,LID-32992,Housing,50000,5
CID-483604,LID-517334,Housing,50000,10
CID-860828,LID-797927,Housing,50000,4
CID-787707,LID-631940,Vehicle,2.00E+05,10
CID-15861,LID-255860,Vehicle,50000,2
CID-691122,LID-679219,Vehicle,2.00E+05,4
CID-315161,LID-507497,Housing,50000,10
CID-648929,LID-815714,Vehicle,1.00E+05,4
CID-218816,LID-467992,Personal,5.00E+05,10
CID-83897,LID-818098,Personal,5.00E+05,5
CID-101524,LID-289618,Vehicle,50000,5
CID-384768,LID-330677,Personal,5.00E+05,10
CID-590475,LID-738082,Housing,50000,4
CID-676136,LID-143591,Housing,5.00E+05,4
CID-552640,LID-136255,Vehicle,50000,3
CID-590532,LID-240236,Vehicle,1.00E+05,3
CID-353009,LID-61219,Housing,1.00E+05,10
CID-466435,LID-597575,Personal,1.00E+05,10
CID-408721,LID-189095,Personal,1.00E+05,10
CID-29561,LID-297204,Personal,1.00E+05,4
CID-713968,LID-821494,Personal,1.00E+05,3
CID-86366,LID-88566,Personal,2.00E+05,3
CID-310133,LID-873498,Housing,5.00E+05,4
CID-639091,LID-306680,Vehicle,5.00E+05,3
CID-215545,LID-572770,Personal,5.00E+05,4
CID-420223,LID-613704,Vehicle,50000,4
CID-211116,LID-265024,Personal,1.00E+05,5
CID-651304,LID-612403,Personal,1.00E+05,10
CID-836940,LID-646373,Vehicle,1.00E+05,3
CID-671869,LID-790692,Housing,50000,10
CID-774127,LID-444273,Personal,1.00E+05,10
CID-763697,LID-534035,Vehicle,1.00E+05,4
CID-224459,LID-876848,Vehicle,1.00E+05,10
CID-271785,LID-53475,Vehicle,5.00E+05,10
CID-112100,LID-680300,Vehicle,1.00E+05,4
CID-667041,LID-70562,Personal,5.00E+05,4
CID-216744,LID-414353,Vehicle,5.00E+05,3
CID-310152,LID-419374,Vehicle,5.00E+05,4
CID-690492,LID-45818,Vehicle,1.00E+05,4
CID-490852,LID-444231,Vehicle,50000,5
CID-187461,LID-834953,Vehicle,1.00E+05,10
CID-566525,LID-565812,Personal,1.00E+05,10
CID-584542,LID-666047,Vehicle,5.00E+05,3
CID-689835,LID-588805,Vehicle,5.00E+05,5
CID-206438,LID-334083,Vehicle,1.00E+05,5
CID-259728,LID-513715,Personal,1.00E+05,10
CID-6515,LID-882618,Vehicle,5.00E+05,3
CID-543663,LID-75544,Vehicle,50000,5
CID-695599,LID-588194,Vehicle,2.00E+05,2
CID-711681,LID-336034,Housing,1.00E+05,10
CID-695012,LID-792420,Personal,2.00E+05,2
CID-500893,LID-278996,Housing,1.00E+05,3
CID-841484,LID-387985,Personal,1.00E+05,4
CID-375589,LID-510512,Housing,5.00E+05,3
CID-90482,LID-91950,Housing,5.00E+05,4
CID-152188,LID-882217,Housing,1.00E+05,5
CID-575200,LID-678670,Vehicle,1.00E+05,4
CID-549379,LID-790604,Housing,1.00E+05,4
CID-532435,LID-524529,Housing,1.00E+05,3
CID-276302,LID-543945,Vehicle,1.00E+05,2
CID-634986,LID-766287,Vehicle,1.00E+05,2
CID-105330,LID-219111,Personal,50000,10
CID-90531,LID-260698,Housing,50000,5
CID-840245,LID-22664,Housing,5.00E+05,3
CID-596966,LID-197871,Personal,2.00E+05,4
CID-767181,LID-254419,Housing,1.00E+05,3
CID-445799,LID-68377,Personal,50000,3
CID-588934,LID-682793,Personal,50000,10
CID-648120,LID-60538,Vehicle,50000,3
CID-74364,LID-85535,Personal,2.00E+05,2
CID-450865,LID-433560,Personal,50000,3
CID-588912,LID-790159,Housing,50000,3
CID-892921,LID-166324,Personal,50000,4
CID-336546,LID-364556,Personal,5.00E+05,4
CID-109203,LID-152679,Personal,50000,5
CID-332459,LID-742068,Vehicle,2.00E+05,2
CID-409667,LID-502799,Vehicle,1.00E+05,2
CID-555765,LID-87054,Vehicle,5.00E+05,10
CID-693529,LID-412986,Vehicle,50000,10
CID-624532,LID-174201,Housing,50000,5
CID-512519,LID-111610,Housing,1.00E+05,5
CID-120056,LID-880890,Housing,50000,4
CID-606350,LID-77830,Personal,1.00E+05,4
CID-748929,LID-69968,Vehicle,1.00E+05,2
CID-444937,LID-716164,Personal,2.00E+05,2
CID-752359,LID-88152,Vehicle,1.00E+05,2
CID-793664,LID-394490,Personal,5.00E+05,10
CID-195043,LID-179000,Personal,50000,5
CID-518838,LID-483626,Vehicle,1.00E+05,2
CID-158463,LID-212590,Personal,1.00E+05,5
CID-636050,LID-628645,Personal,1.00E+05,10
CID-325685,LID-321390,Personal,5.00E+05,3
CID-302592,LID-348001,Housing,5.00E+05,10
CID-400409,LID-741763,Vehicle,2.00E+05,5
CID-365422,LID-300429,Personal,1.00E+05,4
CID-702910,LID-187348,Vehicle,1.00E+05,4
CID-735305,LID-825045,Vehicle,2.00E+05,2
CID-709962,LID-481181,Personal,5.00E+05,4
CID-290211,LID-326019,Personal,50000,10
CID-436923,LID-594621,Personal,5.00E+05,10
CID-22686,LID-423735,Housing,5.00E+05,2
CID-348417,LID-635455,Vehicle,1.00E+05,10
CID-232543,LID-433833,Housing,1.00E+05,10
CID-317289,LID-772922,Housing,50000,10
CID-578172,LID-351947,Personal,5.00E+05,5
CID-104580,LID-476106,Vehicle,1.00E+05,10
CID-21087,LID-441737,Personal,1.00E+05,2
CID-758871,LID-639734,Housing,2.00E+05,2
CID-575559,LID-679681,Housing,1.00E+05,3
CID-13347,LID-164059,Housing,1.00E+05,3
CID-5027,LID-380582,Personal,5.00E+05,5
CID-628760,LID-488891,Personal,1.00E+05,10
CID-166289,LID-527396,Housing,50000,10
CID-209306,LID-112787,Housing,5.00E+05,4
CID-5476,LID-133583,Vehicle,2.00E+05,3
CID-174780,LID-416405,Personal,2.00E+05,4
CID-221430,LID-136495,Personal,1.00E+05,5
CID-502092,LID-870232,Vehicle,1.00E+05,3
CID-461650,LID-496938,Personal,1.00E+05,5
CID-651515,LID-735760,Vehicle,50000,4
CID-319444,LID-132646,Housing,2.00E+05,10
CID-843898,LID-585216,Vehicle,1.00E+05,10
CID-609230,LID-310506,Personal,1.00E+05,10
CID-117194,LID-850501,Personal,1.00E+05,3
CID-815905,LID-442725,Housing,1.00E+05,2
CID-14785,LID-253954,Vehicle,50000,3
CID-540920,LID-532418,Vehicle,2.00E+05,3
CID-718245,LID-430822,Housing,2.00E+05,4
CID-878728,LID-745050,Personal,2.00E+05,2
CID-330094,LID-594721,Personal,5.00E+05,4
CID-312649,LID-428504,Personal,5.00E+05,10
CID-495939,LID-623869,Housing,5.00E+05,2
CID-890108,LID-728501,Personal,5.00E+05,10
CID-718096,LID-103713,Personal,2.00E+05,4
CID-778303,LID-281437,Vehicle,50000,3
CID-559725,LID-478508,Vehicle,1.00E+05,10
CID-885318,LID-559905,Personal,50000,3
CID-652635,LID-683994,Vehicle,1.00E+05,3
CID-708409,LID-653049,Vehicle,1.00E+05,3
CID-426125,LID-305813,Housing,5.00E+05,5
CID-460347,LID-524904,Housing,1.00E+05,4
CID-771917,LID-819254,Vehicle,2.00E+05,2
CID-183659,LID-558669,Personal,50000,10
CID-594443,LID-289968,Personal,1.00E+05,3
CID-182888,LID-328193,Housing,5.00E+05,3
CID-612269,LID-214083,Housing,5.00E+05,10
CID-106263,LID-290139,Housing,5.00E+05,10
CID-197654,LID-20773,Personal,1.00E+05,5
CID-9604,LID-478013,Personal,2.00E+05,5
CID-546850,LID-322716,Personal,50000,10
CID-855244,LID-394118,Personal,50000,10
CID-555317,LID-318277,Personal,2.00E+05,5
CID-732017,LID-797080,Personal,1.00E+05,5
CID-331443,LID-447862,Housing,50000,10
CID-121726,LID-94771,Personal,1.00E+05,5
CID-509008,LID-346484,Vehicle,2.00E+05,2
CID-322317,LID-447615,Housing,50000,5
CID-665310,LID-718489,Personal,1.00E+05,5
CID-730357,LID-580263,Housing,1.00E+05,4
CID-280757,LID-12095,Housing,50000,3
CID-781424,LID-648612,Vehicle,50000,2
CID-139686,LID-353221,Vehicle,5.00E+05,5
CID-781298,LID-228603,Housing,1.00E+05,2
CID-674361,LID-114546,Personal,2.00E+05,5
CID-388002,LID-867456,Housing,2.00E+05,2
CID-737242,LID-604706,Housing,1.00E+05,3
CID-33556,LID-884577,Personal,50000,10
CID-550624,LID-715484,Personal,2.00E+05,2
CID-114731,LID-567175,Housing,1.00E+05,3
CID-56889,LID-759410,Personal,5.00E+05,10
CID-285747,LID-445866,Housing,50000,4
CID-55437,LID-862668,Housing,50000,3
CID-674469,LID-579277,Personal,5.00E+05,10
CID-575787,LID-813244,Personal,50000,2
CID-374779,LID-49461,Personal,5.00E+05,4
CID-774363,LID-15627,Personal,1.00E+05,2
CID-709594,LID-156898,Housing,50000,10
CID-454402,LID-763707,Vehicle,1.00E+05,2
CID-406419,LID-482032,Personal,5.00E+05,2
CID-871911,LID-124134,Personal,1.00E+05,2
CID-818569,LID-878318,Vehicle,50000,5
CID-327526,LID-75967,Personal,2.00E+05,2
CID-227090,LID-697895,Vehicle,50000,10
CID-493208,LID-267840,Vehicle,5.00E+05,3
CID-162073,LID-843153,Housing,50000,2
CID-774834,LID-374842,Housing,50000,2
CID-478288,LID-402498,Personal,50000,4
CID-194719,LID-236261,Personal,1.00E+05,3
CID-130013,LID-784010,Personal,2.00E+05,2
CID-247298,LID-421698,Housing,5.00E+05,3
CID-179116,LID-143787,Personal,50000,10
CID-180119,LID-156286,Vehicle,1.00E+05,4
CID-388412,LID-793641,Housing,2.00E+05,4
CID-397208,LID-745209,Vehicle,1.00E+05,4
CID-661081,LID-868047,Housing,50000,3
CID-667521,LID-620812,Personal,1.00E+05,10
CID-275857,LID-493830,Housing,50000,3
CID-68372,LID-523420,Vehicle,5.00E+05,4
CID-183050,LID-637124,Vehicle,1.00E+05,3
CID-231641,LID-279797,Personal,1.00E+05,3
CID-573711,LID-510722,Personal,1.00E+05,10
CID-245767,LID-571482,Vehicle,1.00E+05,5
CID-303501,LID-468269,Housing,1.00E+05,2
CID-264981,LID-1325,Vehicle,5.00E+05,3
CID-189928,LID-548642,Vehicle,1.00E+05,10
CID-580828,LID-139212,Personal,50000,4
CID-47373,LID-557085,Personal,1.00E+05,5
CID-218553,LID-310361,Personal,1.00E+05,2
CID-869756,LID-835079,Personal,2.00E+05,2
CID-7684,LID-821750,Housing,1.00E+05,10
CID-768802,LID-554207,Vehicle,2.00E+05,4
CID-828759,LID-46636,Personal,2.00E+05,10
CID-490449,LID-673892,Housing,50000,3
CID-12790,LID-586954,Vehicle,1.00E+05,4
CID-538676,LID-603114,Housing,2.00E+05,3
CID-548153,LID-637260,Vehicle,1.00E+05,2
CID-287795,LID-612201,Personal,50000,10
CID-872626,LID-216524,Housing,2.00E+05,5
CID-295152,LID-575469,Housing,1.00E+05,5
CID-756750,LID-647991,Housing,1.00E+05,5
CID-856179,LID-498534,Personal,50000,5
CID-537982,LID-377731,Vehicle,5.00E+05,5
CID-895326,LID-242301,Personal,1.00E+05,2
CID-313774,LID-459462,Personal,50000,4
CID-292248,LID-57468,Housing,50000,3
CID-621062,LID-377242,Personal,2.00E+05,4
CID-289878,LID-562339,Personal,1.00E+05,10
CID-790665,LID-662815,Personal,5.00E+05,5
CID-13157,LID-127195,Housing,1.00E+05,5
CID-271044,LID-464804,Vehicle,50000,5
CID-549266,LID-599226,Vehicle,50000,5
CID-444931,LID-718177,Vehicle,2.00E+05,5
CID-668154,LID-571131,Personal,1.00E+05,2
CID-661072,LID-834736,Personal,50000,3
CID-162644,LID-207450,Vehicle,1.00E+05,2
CID-448026,LID-358651,Vehicle,1.00E+05,5
CID-133830,LID-732625,Personal,1.00E+05,4
CID-379184,LID-676954,Vehicle,5.00E+05,3
CID-537298,LID-229578,Vehicle,2.00E+05,4
CID-451344,LID-738371,Personal,2.00E+05,3
CID-822464,LID-708420,Vehicle,1.00E+05,5
CID-737457,LID-169541,Vehicle,5.00E+05,3
CID-93579,LID-254092,Vehicle,50000,5
CID-618111,LID-151494,Housing,1.00E+05,5
CID-378251,LID-676673,Housing,50000,5
CID-451991,LID-167243,Personal,1.00E+05,4
CID-721114,LID-681157,Personal,5.00E+05,2
CID-498108,LID-743739,Housing,5.00E+05,2
CID-34038,LID-454192,Housing,50000,5
CID-230700,LID-169674,Personal,1.00E+05,5
CID-609457,LID-762694,Personal,1.00E+05,3
CID-793310,LID-309688,Personal,2.00E+05,4
CID-696778,LID-382108,Personal,1.00E+05,5
CID-245191,LID-146467,Personal,1.00E+05,3
CID-274917,LID-383448,Housing,5.00E+05,10
CID-282295,LID-744180,Personal,1.00E+05,10
CID-3847,LID-727155,Personal,1.00E+05,4
CID-243006,LID-241753,Personal,50000,4
CID-683071,LID-749624,Personal,1.00E+05,4
CID-445387,LID-244926,Housing,2.00E+05,10
CID-86715,LID-340217,Personal,1.00E+05,3
CID-474913,LID-197595,Personal,5.00E+05,4
CID-194108,LID-470930,Housing,50000,2
CID-482207,LID-738613,Housing,1.00E+05,4
CID-119421,LID-758994,Housing,1.00E+05,4
CID-574723,LID-230677,Housing,1.00E+05,10
CID-571657,LID-329023,Personal,5.00E+05,10
CID-522571,LID-279661,Personal,2.00E+05,4
CID-233706,LID-207686,Housing,5.00E+05,3
CID-885439,LID-341133,Vehicle,5.00E+05,10
CID-658383,LID-291520,Housing,5.00E+05,10
CID-653520,LID-229932,Personal,2.00E+05,10
CID-156215,LID-657991,Housing,1.00E+05,5
CID-668177,LID-320132,Vehicle,2.00E+05,4
CID-609496,LID-741482,Vehicle,50000,5
CID-616129,LID-572098,Housing,2.00E+05,2
CID-154567,LID-500606,Personal,50000,10
CID-136199,LID-692941,Housing,2.00E+05,10
CID-850844,LID-246582,Personal,1.00E+05,10
CID-284348,LID-256865,Vehicle,1.00E+05,4
CID-61545,LID-830247,Housing,50000,10
CID-282840,LID-54311,Personal,2.00E+05,4
CID-846276,LID-892262,Vehicle,50000,3
CID-609926,LID-597470,Personal,1.00E+05,2
CID-117212,LID-683764,Vehicle,2.00E+05,10
CID-211605,LID-485959,Personal,1.00E+05,2
CID-669658,LID-662417,Vehicle,5.00E+05,5
CID-344082,LID-9284,Personal,50000,10
CID-63702,LID-595524,Personal,2.00E+05,10
CID-18096,LID-870901,Personal,1.00E+05,2
CID-667164,LID-540917,Personal,1.00E+05,10
CID-746659,LID-203611,Housing,5.00E+05,10
CID-359357,LID-124879,Housing,50000,10
CID-236790,LID-264160,Vehicle,50000,3
CID-827221,LID-363930,Personal,1.00E+05,10
CID-169554,LID-434942,Vehicle,50000,3
CID-66183,LID-592324,Housing,1.00E+05,10
CID-575245,LID-485348,Vehicle,5.00E+05,2
CID-347647,LID-502790,Vehicle,1.00E+05,10
CID-500384,LID-819415,Housing,1.00E+05,4
CID-809288,LID-233349,Vehicle,1.00E+05,2
CID-897916,LID-759223,Personal,1.00E+05,4
CID-844357,LID-703555,Personal,5.00E+05,2
CID-751101,LID-64311,Vehicle,50000,2
CID-818806,LID-8451,Personal,5.00E+05,2
CID-692749,LID-801861,Housing,2.00E+05,3
CID-688752,LID-17748,Housing,1.00E+05,5
CID-246122,LID-8625,Housing,1.00E+05,10
CID-231435,LID-418337,Housing,1.00E+05,2
CID-884484,LID-302159,Personal,1.00E+05,5
CID-685706,LID-784550,Vehicle,1.00E+05,3
CID-529555,LID-30599,Housing,5.00E+05,4
CID-562090,LID-409418,Housing,1.00E+05,2
CID-487602,LID-373471,Vehicle,1.00E+05,5
CID-299307,LID-422052,Personal,1.00E+05,5
CID-683988,LID-169919,Vehicle,5.00E+05,5
CID-476981,LID-6156,Housing,50000,3
CID-598378,LID-485406,Personal,2.00E+05,5
CID-458774,LID-23109,Personal,5.00E+05,4
CID-372742,LID-330989,Vehicle,1.00E+05,2
CID-612796,LID-232882,Personal,2.00E+05,5
CID-175355,LID-591507,Vehicle,2.00E+05,2
CID-295419,LID-789227,Personal,50000,3
CID-132873,LID-621796,Personal,1.00E+05,10
CID-340562,LID-170235,Personal,1.00E+05,10
CID-84884,LID-496689,Vehicle,1.00E+05,5
CID-345801,LID-215364,Personal,1.00E+05,3
CID-233387,LID-118356,Vehicle,1.00E+05,3
CID-618623,LID-205977,Personal,5.00E+05,4
CID-80683,LID-764480,Housing,2.00E+05,10
CID-295659,LID-785558,Vehicle,1.00E+05,4
CID-724770,LID-517439,Vehicle,5.00E+05,4
CID-613702,LID-252373,Personal,1.00E+05,2
CID-726477,LID-549216,Personal,50000,5
CID-346124,LID-604728,Personal,50000,5
CID-769762,LID-99612,Vehicle,1.00E+05,2
CID-226737,LID-51360,Vehicle,1.00E+05,4
CID-682068,LID-878735,Housing,1.00E+05,4
CID-473949,LID-403133,Personal,1.00E+05,10
CID-579634,LID-604805,Personal,50000,3
CID-342991,LID-766438,Personal,5.00E+05,2
CID-449546,LID-359600,Vehicle,2.00E+05,3
CID-408588,LID-344471,Housing,5.00E+05,3
CID-10738,LID-500408,Personal,1.00E+05,10
CID-633085,LID-778517,Personal,1.00E+05,3
CID-288757,LID-447711,Personal,1.00E+05,3
CID-622329,LID-281262,Housing,5.00E+05,2
CID-891523,LID-697182,Personal,1.00E+05,4
CID-219229,LID-656865,Housing,2.00E+05,2
CID-461582,LID-121242,Personal,1.00E+05,2
CID-684954,LID-221089,Personal,1.00E+05,2
CID-348915,LID-662778,Housing,1.00E+05,5
CID-745897,LID-381614,Vehicle,5.00E+05,10
CID-621621,LID-325802,Vehicle,1.00E+05,5
CID-606085,LID-405348,Personal,1.00E+05,5
CID-852900,LID-498431,Housing,2.00E+05,3
CID-794519,LID-877214,Housing,50000,3
CID-247065,LID-795613,Housing,50000,10
CID-59622,LID-779865,Housing,50000,5
CID-777371,LID-428291,Vehicle,2.00E+05,10
CID-174342,LID-459101,Housing,1.00E+05,5
CID-886229,LID-873553,Personal,1.00E+05,5
CID-659073,LID-864007,Personal,1.00E+05,3
CID-815421,LID-802781,Personal,1.00E+05,4
CID-57334,LID-238626,Personal,2.00E+05,10
CID-47653,LID-76737,Vehicle,5.00E+05,2
CID-331347,LID-680377,Vehicle,1.00E+05,3
CID-301522,LID-680847,Vehicle,1.00E+05,3
CID-750822,LID-895420,Vehicle,1.00E+05,10
CID-64085,LID-268829,Personal,2.00E+05,3
CID-378582,LID-838300,Personal,5.00E+05,10
CID-784973,LID-639048,Personal,2.00E+05,2
CID-168305,LID-597574,Personal,5.00E+05,2
CID-118953,LID-880195,Housing,2.00E+05,3
CID-554912,LID-782291,Housing,1.00E+05,10
CID-233043,LID-718257,Personal,1.00E+05,3
CID-790374,LID-670708,Vehicle,1.00E+05,10
CID-71965,LID-270629,Vehicle,50000,4
CID-654977,LID-665224,Housing,1.00E+05,2
CID-114678,LID-457105,Personal,1.00E+05,5
CID-510737,LID-558697,Housing,5.00E+05,5
CID-608274,LID-707979,Housing,1.00E+05,3
CID-756737,LID-673576,Personal,50000,5
CID-671642,LID-24075,Vehicle,5.00E+05,5
CID-16072,LID-851289,Housing,2.00E+05,4
CID-488251,LID-317490,Personal,50000,10
CID-766245,LID-867867,Vehicle,2.00E+05,10
CID-862275,LID-444570,Housing,2.00E+05,10
CID-514808,LID-654314,Housing,1.00E+05,10
CID-445820,LID-806016,Vehicle,5.00E+05,4
CID-525471,LID-696170,Housing,1.00E+05,10
CID-269428,LID-278595,Housing,50000,3
CID-355005,LID-772345,Housing,5.00E+05,3
CID-567713,LID-26069,Housing,5.00E+05,3
CID-719504,LID-750153,Housing,5.00E+05,5
CID-641505,LID-493409,Vehicle,2.00E+05,5
CID-881034,LID-32501,Personal,5.00E+05,2
CID-867254,LID-728699,Personal,5.00E+05,5
CID-11175,LID-174842,Vehicle,2.00E+05,5
CID-509725,LID-792043,Housing,50000,3
CID-127368,LID-210418,Housing,1.00E+05,3
CID-265407,LID-528126,Personal,1.00E+05,5
CID-199561,LID-787520,Housing,2.00E+05,5
CID-875130,LID-141274,Vehicle,50000,3
CID-98893,LID-548149,Personal,2.00E+05,5
CID-497878,LID-233824,Personal,50000,2
CID-375456,LID-897669,Housing,2.00E+05,10
CID-539412,LID-262021,Vehicle,2.00E+05,5
CID-847513,LID-762120,Personal,2.00E+05,3
CID-364871,LID-192938,Housing,2.00E+05,2
CID-333769,LID-253800,Vehicle,2.00E+05,5
CID-703020,LID-90833,Housing,2.00E+05,4
CID-95781,LID-894201,Vehicle,50000,2
CID-178354,LID-761586,Housing,2.00E+05,10
CID-606647,LID-476335,Housing,5.00E+05,10
CID-617211,LID-408744,Personal,1.00E+05,5
CID-867764,LID-195932,Personal,1.00E+05,10
CID-763459,LID-747330,Vehicle,2.00E+05,10
CID-109086,LID-233871,Personal,1.00E+05,4
CID-472192,LID-859909,Vehicle,1.00E+05,2
CID-392026,LID-844254,Personal,5.00E+05,2
CID-896839,LID-10493,Personal,2.00E+05,5
CID-231170,LID-677645,Housing,1.00E+05,3
CID-364580,LID-165987,Personal,1.00E+05,2
CID-654542,LID-869526,Personal,5.00E+05,2
CID-397741,LID-306073,Personal,5.00E+05,2
CID-167651,LID-894690,Personal,2.00E+05,2
CID-198474,LID-422917,Vehicle,2.00E+05,10
CID-697388,LID-629252,Personal,2.00E+05,2
CID-557135,LID-157184,Vehicle,5.00E+05,5
CID-816231,LID-613115,Vehicle,1.00E+05,2
CID-611042,LID-666139,Housing,1.00E+05,5
CID-789640,LID-434512,Housing,2.00E+05,4
CID-791573,LID-319351,Vehicle,1.00E+05,10
CID-714822,LID-221970,Personal,1.00E+05,3
CID-106324,LID-8266,Vehicle,5.00E+05,10
CID-416724,LID-538055,Vehicle,50000,2
CID-798850,LID-273093,Housing,50000,3
CID-762891,LID-55661,Housing,2.00E+05,4
CID-839960,LID-878827,Vehicle,2.00E+05,3
CID-184643,LID-158485,Vehicle,1.00E+05,4
CID-852236,LID-106467,Vehicle,1.00E+05,4
CID-366195,LID-735957,Personal,1.00E+05,2
CID-81757,LID-214837,Housing,5.00E+05,5
CID-417176,LID-531948,Personal,1.00E+05,4
CID-496825,LID-890136,Vehicle,1.00E+05,5
CID-510108,LID-466769,Vehicle,2.00E+05,5
CID-5965,LID-94581,Housing,5.00E+05,2
CID-581828,LID-13345,Vehicle,5.00E+05,10
CID-692897,LID-743271,Vehicle,1.00E+05,3
CID-188668,LID-63070,Housing,2.00E+05,2
CID-43598,LID-638192,Vehicle,1.00E+05,10
CID-69676,LID-52503,Housing,1.00E+05,3
CID-343082,LID-582809,Personal,2.00E+05,2
CID-728676,LID-879370,Personal,2.00E+05,10
CID-878152,LID-675020,Vehicle,50000,10
CID-859544,LID-142472,Personal,50000,3
CID-402,LID-798607,Housing,2.00E+05,5
CID-284215,LID-715413,Personal,2.00E+05,3
CID-4150,LID-582693,Vehicle,50000,2
CID-81584,LID-340338,Personal,1.00E+05,4
CID-37899,LID-590985,Personal,1.00E+05,4
CID-480787,LID-157646,Personal,2.00E+05,5
CID-447120,LID-753879,Vehicle,1.00E+05,5
CID-781363,LID-787039,Personal,5.00E+05,10
CID-627318,LID-582709,Vehicle,1.00E+05,2
CID-784890,LID-853318,Personal,1.00E+05,4
CID-550867,LID-435054,Vehicle,50000,3
CID-493920,LID-567392,Personal,5.00E+05,2
CID-851154,LID-384486,Housing,50000,3
CID-870739,LID-482851,Housing,1.00E+05,3
CID-41685,LID-699808,Personal,1.00E+05,4
CID-706727,LID-679968,Vehicle,50000,2
CID-721039,LID-356366,Vehicle,2.00E+05,10
CID-32346,LID-343309,Personal,2.00E+05,4
CID-879777,LID-105515,Housing,50000,4
CID-249506,LID-509756,Housing,50000,2
CID-362992,LID-725287,Personal,1.00E+05,5
CID-854818,LID-687993,Housing,5.00E+05,3
CID-738051,LID-640480,Housing,1.00E+05,4
CID-780332,LID-448088,Vehicle,5.00E+05,4
CID-896761,LID-176888,Personal,1.00E+05,4
CID-275243,LID-100845,Housing,5.00E+05,5
CID-318247,LID-383798,Vehicle,5.00E+05,5
CID-497189,LID-532556,Vehicle,1.00E+05,10
CID-94710,LID-18061,Personal,5.00E+05,5
CID-844768,LID-880706,Vehicle,5.00E+05,3
CID-42669,LID-308480,Vehicle,2.00E+05,2
CID-237259,LID-4338,Personal,1.00E+05,2
CID-234581,LID-493506,Vehicle,50000,2
CID-493585,LID-661590,Vehicle,50000,3
CID-358562,LID-390992,Personal,50000,3
CID-21170,LID-116170,Vehicle,1.00E+05,10
CID-338122,LID-166835,Housing,5.00E+05,2
CID-272110,LID-828109,Vehicle,5.00E+05,10
CID-13089,LID-277465,Housing,1.00E+05,10
CID-199644,LID-879735,Housing,5.00E+05,5
CID-144179,LID-402258,Personal,1.00E+05,3
CID-879820,LID-476878,Vehicle,1.00E+05,4
CID-803555,LID-83316,Housing,2.00E+05,3
CID-352132,LID-296415,Vehicle,1.00E+05,3
CID-733385,LID-618024,Housing,2.00E+05,10
CID-452369,LID-751927,Housing,2.00E+05,3
CID-705785,LID-750861,Housing,50000,2
CID-856591,LID-542632,Housing,1.00E+05,5
CID-139627,LID-476798,Personal,5.00E+05,5
CID-157872,LID-822225,Vehicle,2.00E+05,2
CID-523549,LID-157713,Personal,50000,2
CID-610742,LID-565722,Vehicle,1.00E+05,10
CID-558777,LID-367255,Vehicle,50000,3
CID-623238,LID-209829,Personal,1.00E+05,4
CID-517217,LID-586223,Vehicle,50000,4
CID-761172,LID-820881,Housing,50000,5
CID-795879,LID-262551,Personal,1.00E+05,5
CID-500253,LID-325574,Vehicle,5.00E+05,10
CID-559334,LID-418384,Housing,1.00E+05,10
CID-181813,LID-820512,Housing,2.00E+05,3
CID-260611,LID-679086,Vehicle,1.00E+05,10
CID-833012,LID-367224,Vehicle,2.00E+05,3
CID-3681,LID-887158,Vehicle,50000,4
CID-587688,LID-469878,Housing,1.00E+05,10
CID-76068,LID-618828,Vehicle,50000,10
CID-700756,LID-605551,Personal,1.00E+05,2
CID-744876,LID-466800,Housing,2.00E+05,2
CID-710870,LID-561747,Housing,1.00E+05,2
CID-596187,LID-264490,Housing,50000,10
CID-430107,LID-680909,Housing,2.00E+05,5
CID-880764,LID-538161,Housing,50000,2
CID-804313,LID-730886,Personal,5.00E+05,2
CID-569694,LID-148492,Vehicle,1.00E+05,4
CID-286919,LID-377936,Vehicle,1.00E+05,5
CID-213306,LID-579855,Personal,2.00E+05,3
CID-685056,LID-731990,Vehicle,5.00E+05,10
CID-682218,LID-100494,Personal,1.00E+05,5
CID-417261,LID-184004,Housing,1.00E+05,5
CID-869315,LID-389185,Vehicle,1.00E+05,2
CID-882457,LID-757127,Housing,2.00E+05,2
CID-804203,LID-863830,Personal,2.00E+05,3
CID-797213,LID-350477,Personal,1.00E+05,5
CID-260707,LID-309498,Housing,1.00E+05,3
CID-196129,LID-46310,Personal,50000,5
CID-37564,LID-335076,Personal,1.00E+05,4
CID-78202,LID-857843,Housing,2.00E+05,2
CID-486844,LID-823679,Housing,1.00E+05,4
CID-853264,LID-677015,Vehicle,2.00E+05,2
CID-48434,LID-96074,Vehicle,50000,10
CID-807024,LID-805435,Housing,5.00E+05,3
CID-367046,LID-581462,Personal,50000,5
CID-449166,LID-466692,Personal,2.00E+05,5
CID-685114,LID-846953,Personal,1.00E+05,10
CID-73939,LID-160424,Personal,1.00E+05,3
CID-265012,LID-363948,Housing,1.00E+05,3
CID-762757,LID-430276,Vehicle,1.00E+05,2
CID-806035,LID-798569,Vehicle,1.00E+05,10
CID-350406,LID-32485,Vehicle,5.00E+05,4
CID-706489,LID-826396,Vehicle,1.00E+05,10
CID-741536,LID-6008,Personal,2.00E+05,10
CID-883167,LID-324721,Vehicle,50000,5
CID-445012,LID-164738,Housing,5.00E+05,3
CID-489764,LID-590771,Vehicle,50000,2
CID-647673,LID-628461,Housing,5.00E+05,2
CID-314118,LID-23343,Vehicle,5.00E+05,5
CID-328063,LID-1926,Housing,1.00E+05,10
CID-84075,LID-314213,Housing,50000,2
CID-262417,LID-55834,Housing,1.00E+05,4
CID-440953,LID-537177,Personal,1.00E+05,3
CID-456314,LID-556246,Personal,5.00E+05,4
CID-873028,LID-34216,Vehicle,50000,4
CID-552338,LID-153582,Housing,5.00E+05,4
CID-28538,LID-588121,Personal,2.00E+05,3
CID-546525,LID-794558,Personal,1.00E+05,5
CID-386996,LID-241033,Housing,2.00E+05,3
CID-423373,LID-676761,Housing,5.00E+05,3
CID-60912,LID-724077,Housing,1.00E+05,10
CID-743881,LID-776194,Vehicle,50000,5
CID-9304,LID-88836,Vehicle,50000,3
CID-845871,LID-499775,Vehicle,50000,5
CID-561619,LID-30055,Vehicle,2.00E+05,4
CID-697900,LID-312659,Personal,50000,3
CID-300577,LID-96167,Housing,1.00E+05,10
CID-745775,LID-660751,Housing,1.00E+05,2
CID-851115,LID-877591,Vehicle,50000,10
CID-6518,LID-778167,Vehicle,1.00E+05,2
CID-221504,LID-171983,Vehicle,50000,3
CID-691209,LID-450476,Personal,2.00E+05,3
CID-414265,LID-542162,Personal,2.00E+05,4
CID-770899,LID-374221,Personal,1.00E+05,4
CID-600250,LID-882970,Vehicle,2.00E+05,5
CID-173503,LID-875421,Vehicle,2.00E+05,10
CID-327653,LID-757379,Personal,1.00E+05,2
CID-642277,LID-467795,Personal,5.00E+05,10
CID-160993,LID-397617,Housing,5.00E+05,4
CID-391592,LID-86379,Housing,1.00E+05,3
CID-416840,LID-222909,Housing,2.00E+05,4
CID-661633,LID-217447,Vehicle,2.00E+05,5
CID-334453,LID-142924,Housing,2.00E+05,3
CID-192834,LID-672850,Housing,5.00E+05,10
CID-217271,LID-79399,Personal,50000,3
CID-541405,LID-563021,Vehicle,1.00E+05,10
CID-414077,LID-239760,Housing,2.00E+05,10
CID-431169,LID-366272,Vehicle,2.00E+05,4
CID-299910,LID-434092,Vehicle,50000,2
CID-768539,LID-790085,Vehicle,5.00E+05,2
CID-185617,LID-197066,Housing,2.00E+05,3
CID-437325,LID-163970,Vehicle,1.00E+05,4
CID-799676,LID-640850,Vehicle,1.00E+05,10
CID-274525,LID-176231,Personal,1.00E+05,3
CID-356190,LID-12969,Vehicle,5.00E+05,4
CID-815017,LID-5792,Vehicle,50000,4
CID-658265,LID-618626,Housing,5.00E+05,10
CID-794094,LID-120883,Vehicle,2.00E+05,5
CID-823184,LID-72308,Vehicle,50000,4
CID-59011,LID-710850,Vehicle,5.00E+05,5
CID-614502,LID-614347,Housing,1.00E+05,4
CID-705139,LID-333474,Vehicle,5.00E+05,10
CID-103098,LID-863211,Housing,1.00E+05,2
CID-271377,LID-111125,Vehicle,1.00E+05,4
CID-610697,LID-150874,Housing,50000,3
CID-69356,LID-753612,Housing,5.00E+05,3
CID-124233,LID-438117,Personal,1.00E+05,2
CID-674933,LID-188753,Personal,2.00E+05,5
CID-69695,LID-271914,Vehicle,2.00E+05,2
CID-497982,LID-299904,Vehicle,1.00E+05,5
CID-664878,LID-28101,Personal,1.00E+05,10
CID-76591,LID-413831,Housing,1.00E+05,10
CID-100671,LID-493632,Housing,5.00E+05,3
CID-586976,LID-537569,Vehicle,50000,2
CID-401334,LID-127334,Personal,5.00E+05,2
CID-510412,LID-787539,Personal,50000,4
CID-599841,LID-713473,Personal,2.00E+05,2
CID-103071,LID-142778,Personal,1.00E+05,4
CID-50149,LID-708388,Vehicle,5.00E+05,3
CID-613868,LID-689419,Housing,5.00E+05,10
CID-508968,LID-290094,Personal,1.00E+05,5
CID-186046,LID-653851,Housing,50000,3
CID-694298,LID-42196,Vehicle,1.00E+05,10
CID-707737,LID-9692,Personal,50000,2
CID-811592,LID-404815,Personal,2.00E+05,4
CID-157430,LID-371532,Vehicle,2.00E+05,4
CID-161411,LID-395741,Vehicle,50000,5
CID-744963,LID-113705,Vehicle,1.00E+05,4
CID-192655,LID-740690,Vehicle,2.00E+05,5
CID-514507,LID-126276,Personal,1.00E+05,2
CID-539634,LID-577100,Personal,1.00E+05,2
CID-436930,LID-774085,Personal,2.00E+05,3
CID-718652,LID-756444,Personal,2.00E+05,2
CID-367020,LID-328371,Housing,5.00E+05,3
CID-583095,LID-896248,Housing,50000,5
CID-761646,LID-165270,Housing,5.00E+05,2
CID-120863,LID-460582,Housing,5.00E+05,4
CID-331478,LID-537495,Vehicle,2.00E+05,5
CID-717597,LID-506483,Vehicle,1.00E+05,5
CID-771475,LID-51322,Personal,5.00E+05,2
CID-279073,LID-107522,Housing,1.00E+05,2
CID-170638,LID-562285,Housing,50000,4
CID-361431,LID-536624,Personal,2.00E+05,2
CID-236935,LID-496944,Personal,2.00E+05,2
CID-814399,LID-482283,Housing,1.00E+05,4
CID-192578,LID-414400,Vehicle,1.00E+05,2
CID-279761,LID-419410,Vehicle,2.00E+05,10
CID-659515,LID-324593,Housing,2.00E+05,5
CID-352716,LID-776122,Vehicle,1.00E+05,10
CID-266199,LID-870748,Housing,50000,5
CID-342410,LID-794914,Housing,2.00E+05,4
CID-329687,LID-695241,Personal,50000,4
CID-72799,LID-555032,Housing,1.00E+05,5
CID-254015,LID-459765,Personal,2.00E+05,10
CID-71553,LID-613156,Personal,1.00E+05,10
CID-750165,LID-235536,Housing,2.00E+05,2
CID-687184,LID-533405,Vehicle,1.00E+05,3
CID-858569,LID-319002,Vehicle,5.00E+05,10
CID-441293,LID-265496,Housing,2.00E+05,10
CID-216014,LID-514952,Housing,1.00E+05,2
CID-633753,LID-541986,Personal,50000,2
CID-558001,LID-158037,Personal,1.00E+05,10
CID-706991,LID-756427,Vehicle,2.00E+05,5
CID-322634,LID-806762,Personal,5.00E+05,3
CID-488356,LID-831757,Housing,2.00E+05,10
CID-279699,LID-451620,Housing,1.00E+05,4
CID-38490,LID-675213,Housing,5.00E+05,4
CID-823191,LID-32377,Vehicle,2.00E+05,3
CID-835934,LID-685898,Personal,50000,5
CID-505997,LID-461390,Vehicle,5.00E+05,3
CID-337605,LID-529348,Personal,50000,10
CID-583289,LID-604584,Housing,50000,10
CID-534914,LID-142819,Housing,1.00E+05,4
CID-299387,LID-505294,Housing,5.00E+05,10
CID-613898,LID-40942,Housing,5.00E+05,2
CID-797507,LID-525884,Housing,1.00E+05,5
CID-798721,LID-262426,Personal,1.00E+05,4
CID-115474,LID-214546,Housing,1.00E+05,2
CID-4566,LID-563771,Housing,50000,10
CID-212444,LID-785631,Housing,1.00E+05,2
CID-821166,LID-596089,Vehicle,1.00E+05,3
CID-881562,LID-463468,Vehicle,50000,4
CID-121139,LID-556743,Personal,1.00E+05,3
CID-526952,LID-318957,Personal,50000,10
CID-892536,LID-177213,Housing,5.00E+05,10
CID-646458,LID-33434,Housing,50000,5
CID-878342,LID-120964,Housing,50000,2
CID-519284,LID-698587,Vehicle,1.00E+05,4
CID-841013,LID-366917,Personal,2.00E+05,2
CID-225074,LID-630439,Housing,2.00E+05,3
CID-271953,LID-633934,Personal,1.00E+05,5
CID-620107,LID-143845,Vehicle,1.00E+05,4
CID-646876,LID-348514,Housing,2.00E+05,10
CID-432731,LID-246916,Vehicle,2.00E+05,4
CID-382941,LID-344713,Personal,50000,4
CID-440842,LID-692472,Housing,1.00E+05,4
CID-164497,LID-464683,Housing,5.00E+05,3
CID-416165,LID-867168,Vehicle,1.00E+05,5
CID-367456,LID-38505,Vehicle,50000,10
CID-638400,LID-878712,Vehicle,1.00E+05,5
CID-855034,LID-53048,Housing,50000,5
CID-110776,LID-708962,Housing,1.00E+05,2
CID-514624,LID-426799,Personal,5.00E+05,2
CID-793262,LID-290799,Personal,2.00E+05,2
CID-84155,LID-177836,Housing,1.00E+05,4
CID-508745,LID-354630,Housing,50000,3
CID-798857,LID-65052,Personal,2.00E+05,2
CID-281217,LID-234616,Housing,1.00E+05,10
CID-45961,LID-105258,Housing,2.00E+05,5
CID-795765,LID-812518,Personal,5.00E+05,4
CID-235497,LID-378491,Personal,2.00E+05,10
CID-50231,LID-636267,Vehicle,50000,4
CID-175139,LID-684261,Personal,50000,4
CID-579031,LID-181531,Personal,1.00E+05,5
CID-650683,LID-474938,Vehicle,50000,3
CID-188106,LID-497016,Personal,1.00E+05,5
CID-638309,LID-313212,Vehicle,2.00E+05,3
CID-124232,LID-641820,Vehicle,1.00E+05,3
CID-446350,LID-209513,Personal,1.00E+05,5
CID-580262,LID-641896,Vehicle,50000,10
CID-552569,LID-399956,Vehicle,50000,5
CID-705800,LID-174322,Housing,50000,5
CID-604682,LID-110773,Housing,1.00E+05,3
CID-816661,LID-240491,Personal,50000,2
CID-831805,LID-20166,Vehicle,5.00E+05,4
CID-798674,LID-416973,Personal,2.00E+05,3
CID-795605,LID-837094,Vehicle,5.00E+05,10
CID-898509,LID-273571,Housing,1.00E+05,2
CID-339275,LID-597426,Housing,5.00E+05,2
CID-189152,LID-439839,Vehicle,1.00E+05,4
CID-79900,LID-253289,Vehicle,50000,5
CID-415665,LID-265048,Personal,50000,4
CID-507355,LID-67051,Personal,2.00E+05,2
CID-47519,LID-554916,Personal,1.00E+05,10
CID-280711,LID-136133,Housing,1.00E+05,3
CID-311271,LID-9356,Housing,5.00E+05,4
CID-557029,LID-377805,Vehicle,1.00E+05,3
CID-354404,LID-92411,Personal,2.00E+05,2
CID-87750,LID-634006,Housing,1.00E+05,10
CID-386649,LID-215482,Housing,1.00E+05,4
CID-58528,LID-34923,Vehicle,5.00E+05,3
CID-45328,LID-854887,Vehicle,50000,3
CID-764854,LID-394856,Personal,1.00E+05,5
CID-34500,LID-418230,Vehicle,5.00E+05,3
CID-200616,LID-471916,Housing,1.00E+05,3
CID-328787,LID-58215,Housing,5.00E+05,4
CID-13224,LID-658629,Housing,5.00E+05,10
CID-554619,LID-326445,Housing,50000,2
CID-642706,LID-82680,Personal,5.00E+05,5
CID-643866,LID-688439,Vehicle,50000,10
CID-675377,LID-417225,Personal,50000,2
CID-44488,LID-96577,Housing,1.00E+05,4
CID-428550,LID-308223,Housing,1.00E+05,3
CID-798747,LID-600997,Housing,5.00E+05,10
CID-316150,LID-18653,Vehicle,2.00E+05,4
CID-226547,LID-81999,Housing,50000,5
CID-780496,LID-537835,Personal,50000,5
CID-97319,LID-800390,Vehicle,5.00E+05,5
CID-311117,LID-7577,Personal,2.00E+05,2
CID-574550,LID-178125,Housing,5.00E+05,10
CID-816277,LID-613433,Housing,5.00E+05,3
CID-851743,LID-146629,Personal,1.00E+05,5
CID-726106,LID-729753,Personal,1.00E+05,5
CID-404728,LID-69728,Housing,5.00E+05,2
CID-51259,LID-377410,Vehicle,50000,3
CID-866641,LID-311166,Vehicle,5.00E+05,3
CID-245194,LID-641865,Vehicle,1.00E+05,2
CID-232185,LID-401602,Vehicle,2.00E+05,5
CID-607092,LID-92336,Vehicle,1.00E+05,2
CID-347425,LID-53021,Vehicle,5.00E+05,5
CID-475130,LID-140900,Vehicle,1.00E+05,4
CID-693939,LID-340378,Vehicle,2.00E+05,10
CID-890683,LID-165230,Housing,5.00E+05,3
CID-10323,LID-77799,Housing,50000,4
CID-74537,LID-444352,Vehicle,1.00E+05,5
CID-519895,LID-84264,Vehicle,5.00E+05,2
CID-741702,LID-170580,Vehicle,5.00E+05,4
CID-372972,LID-583163,Personal,2.00E+05,4
CID-329416,LID-565385,Personal,5.00E+05,2
CID-385394,LID-456318,Vehicle,5.00E+05,3
CID-198246,LID-58580,Personal,1.00E+05,5
CID-793946,LID-289053,Personal,50000,10
CID-795,LID-59352,Vehicle,1.00E+05,10
CID-464229,LID-250349,Vehicle,1.00E+05,5
CID-128596,LID-805276,Personal,1.00E+05,4
CID-753716,LID-660149,Personal,1.00E+05,3
CID-441629,LID-196494,Personal,1.00E+05,5
CID-344788,LID-178240,Housing,1.00E+05,3
CID-275077,LID-562880,Personal,1.00E+05,10
CID-545830,LID-707881,Housing,2.00E+05,4
CID-101169,LID-861505,Housing,1.00E+05,3
CID-524481,LID-642467,Vehicle,1.00E+05,2
CID-116316,LID-444242,Personal,1.00E+05,4
CID-385177,LID-728218,Personal,1.00E+05,3
CID-181917,LID-320555,Housing,2.00E+05,4
CID-795341,LID-707456,Vehicle,1.00E+05,4
CID-127440,LID-503048,Housing,50000,5
CID-560816,LID-304294,Personal,50000,4
CID-310619,LID-763537,Housing,5.00E+05,10
CID-224437,LID-433265,Personal,5.00E+05,2
CID-806569,LID-884813,Housing,5.00E+05,5
CID-747672,LID-336066,Vehicle,2.00E+05,3
CID-493201,LID-885278,Personal,5.00E+05,10
CID-195932,LID-422660,Personal,50000,5
CID-106577,LID-709175,Vehicle,50000,4
CID-736843,LID-849251,Vehicle,5.00E+05,4
CID-736561,LID-409205,Vehicle,50000,2
CID-679582,LID-689056,Housing,5.00E+05,2
CID-492800,LID-428708,Vehicle,50000,10
CID-604905,LID-561004,Vehicle,5.00E+05,2
CID-678847,LID-421714,Personal,5.00E+05,5
CID-566163,LID-331395,Personal,1.00E+05,10
CID-642457,LID-38912,Vehicle,2.00E+05,3
CID-517090,LID-298679,Housing,2.00E+05,2
CID-435946,LID-33565,Vehicle,2.00E+05,5
CID-537645,LID-596977,Personal,1.00E+05,5
CID-283332,LID-591164,Housing,1.00E+05,10
CID-413788,LID-792735,Personal,1.00E+05,2
CID-591004,LID-743618,Vehicle,50000,3
CID-527752,LID-132518,Housing,1.00E+05,4
CID-654649,LID-457526,Housing,1.00E+05,5
CID-280856,LID-504208,Vehicle,2.00E+05,2
CID-411307,LID-510952,Housing,1.00E+05,5
CID-870094,LID-18810,Vehicle,5.00E+05,4
CID-532010,LID-577556,Personal,50000,3
CID-690339,LID-624883,Vehicle,5.00E+05,4
CID-853503,LID-170084,Housing,5.00E+05,5
CID-603849,LID-695560,Vehicle,1.00E+05,4
CID-774108,LID-711523,Personal,5.00E+05,4
CID-432094,LID-34294,Personal,1.00E+05,2
CID-732829,LID-806081,Housing,50000,4
CID-632971,LID-899846,Personal,50000,3
CID-142860,LID-121509,Housing,50000,4
CID-379262,LID-405112,Vehicle,2.00E+05,3
CID-105055,LID-313773,Housing,2.00E+05,2
CID-115389,LID-439040,Personal,5.00E+05,10
CID-552454,LID-250783,Housing,5.00E+05,4
CID-427061,LID-504745,Vehicle,5.00E+05,10
CID-179569,LID-163628,Vehicle,50000,3
CID-472437,LID-725737,Vehicle,5.00E+05,2
CID-620711,LID-430156,Personal,2.00E+05,4
CID-857361,LID-705085,Housing,5.00E+05,3
CID-261653,LID-239582,Housing,1.00E+05,4
CID-219534,LID-529927,Housing,5.00E+05,2
CID-304948,LID-810391,Personal,50000,3
CID-565644,LID-760145,Personal,50000,10
CID-144023,LID-395274,Housing,50000,10
CID-128851,LID-29768,Housing,5.00E+05,3
CID-461512,LID-379584,Housing,1.00E+05,3
CID-835942,LID-31673,Vehicle,50000,10
CID-617043,LID-772909,Housing,5.00E+05,5
CID-442045,LID-59058,Vehicle,5.00E+05,3
CID-875672,LID-31680,Housing,2.00E+05,10
CID-142308,LID-299532,Personal,1.00E+05,3
CID-622285,LID-384599,Housing,1.00E+05,3
CID-231305,LID-137292,Personal,1.00E+05,10
CID-780543,LID-68065,Housing,1.00E+05,3
CID-437832,LID-11474,Housing,5.00E+05,2
CID-82238,LID-146167,Vehicle,1.00E+05,2
CID-563640,LID-381444,Personal,1.00E+05,4
CID-290131,LID-375705,Personal,50000,3
CID-751012,LID-367372,Personal,2.00E+05,2
CID-28967,LID-39741,Housing,2.00E+05,4
CID-725163,LID-238114,Personal,1.00E+05,4
CID-148220,LID-835164,Vehicle,50000,3
CID-600120,LID-319267,Personal,1.00E+05,4
CID-180760,LID-478405,Vehicle,1.00E+05,10
CID-679466,LID-367448,Housing,2.00E+05,5
CID-45675,LID-713746,Vehicle,2.00E+05,3
CID-502161,LID-556166,Personal,1.00E+05,10
CID-751588,LID-558919,Housing,50000,5
CID-18750,LID-856096,Vehicle,50000,3
CID-660852,LID-618156,Personal,50000,10
CID-705400,LID-790430,Housing,50000,10
CID-1107,LID-206877,Housing,2.00E+05,2
CID-897418,LID-436263,Housing,50000,10
CID-669650,LID-816697,Housing,50000,2
CID-405807,LID-513138,Housing,5.00E+05,4
CID-523057,LID-633034,Vehicle,1.00E+05,10
CID-797335,LID-710467,Personal,1.00E+05,5
CID-98123,LID-33799,Vehicle,1.00E+05,3
CID-762655,LID-224188,Housing,5.00E+05,4
CID-786463,LID-896270,Personal,50000,10
CID-665712,LID-813280,Housing,1.00E+05,10
CID-306156,LID-320546,Personal,2.00E+05,10
CID-268791,LID-374134,Personal,5.00E+05,5
CID-232767,LID-560529,Vehicle,5.00E+05,4
CID-846441,LID-512528,Vehicle,2.00E+05,2
CID-484057,LID-842172,Housing,1.00E+05,2
CID-327265,LID-157904,Personal,50000,4
CID-120663,LID-711152,Personal,2.00E+05,4
CID-392313,LID-645951,Housing,5.00E+05,2
CID-490474,LID-658451,Housing,5.00E+05,10
CID-873346,LID-322725,Housing,2.00E+05,2
CID-755423,LID-246880,Personal,50000,4
CID-7953,LID-693550,Housing,5.00E+05,4
CID-61785,LID-91026,Personal,5.00E+05,5
CID-500553,LID-23320,Housing,5.00E+05,3
CID-877665,LID-120909,Housing,1.00E+05,4
CID-494310,LID-750156,Personal,5.00E+05,10
CID-462536,LID-367968,Vehicle,1.00E+05,4
CID-635894,LID-141966,Housing,1.00E+05,5
CID-17131,LID-335105,Vehicle,2.00E+05,10
CID-487045,LID-36115,Personal,2.00E+05,10
CID-24172,LID-382854,Personal,1.00E+05,2
CID-710206,LID-73594,Housing,50000,3
CID-832449,LID-695760,Vehicle,5.00E+05,3
CID-31641,LID-87599,Housing,2.00E+05,5
CID-599715,LID-250948,Vehicle,1.00E+05,2
CID-805271,LID-296400,Housing,50000,10
CID-752224,LID-565105,Personal,50000,3
CID-800797,LID-113865,Housing,1.00E+05,2
CID-49994,LID-412910,Personal,1.00E+05,2
CID-267172,LID-401419,Vehicle,1.00E+05,4
CID-284758,LID-247080,Personal,1.00E+05,3
CID-891464,LID-630692,Personal,1.00E+05,2
CID-137746,LID-296232,Housing,2.00E+05,3
CID-197151,LID-875378,Housing,2.00E+05,3
CID-490082,LID-624601,Vehicle,5.00E+05,4
CID-73911,LID-708725,Vehicle,50000,2
CID-173039,LID-376765,Housing,1.00E+05,2
CID-180899,LID-876651,Vehicle,1.00E+05,3
CID-203425,LID-292421,Personal,5.00E+05,3
CID-784530,LID-417638,Personal,2.00E+05,3
CID-480817,LID-717804,Personal,1.00E+05,2
CID-267513,LID-538302,Personal,2.00E+05,5
CID-488316,LID-452002,Housing,1.00E+05,4
CID-755014,LID-527168,Personal,1.00E+05,5
CID-273694,LID-25405,Personal,2.00E+05,2
CID-556414,LID-413219,Vehicle,1.00E+05,2
CID-827597,LID-347197,Personal,2.00E+05,2
CID-670104,LID-838747,Housing,5.00E+05,5
CID-654053,LID-461245,Housing,1.00E+05,5
CID-106292,LID-576734,Housing,2.00E+05,2
CID-142529,LID-4826,Vehicle,5.00E+05,4
CID-285404,LID-550832,Personal,1.00E+05,5
CID-46213,LID-826124,Vehicle,5.00E+05,3
CID-249429,LID-45568,Housing,2.00E+05,10
CID-747247,LID-128241,Vehicle,1.00E+05,5
CID-315505,LID-137388,Vehicle,1.00E+05,5
CID-839709,LID-208312,Personal,2.00E+05,4
CID-423097,LID-683531,Housing,1.00E+05,3
CID-234569,LID-893182,Housing,2.00E+05,4
CID-362547,LID-856528,Personal,1.00E+05,10
CID-236514,LID-487624,Vehicle,50000,10
CID-551836,LID-514496,Personal,1.00E+05,4
CID-218491,LID-402190,Housing,5.00E+05,5
CID-236328,LID-532540,Vehicle,2.00E+05,2
CID-780781,LID-527587,Personal,1.00E+05,10
CID-215481,LID-102472,Personal,1.00E+05,10
CID-818318,LID-598785,Vehicle,2.00E+05,10
CID-119308,LID-225755,Personal,5.00E+05,10
CID-301045,LID-661650,Housing,1.00E+05,4
CID-669947,LID-578665,Personal,2.00E+05,2
CID-237714,LID-671034,Housing,1.00E+05,10
CID-254154,LID-69945,Housing,50000,2
CID-113081,LID-816608,Vehicle,1.00E+05,4
CID-389892,LID-569876,Personal,50000,2
CID-150165,LID-602451,Housing,1.00E+05,3
CID-368027,LID-643743,Personal,50000,4
CID-579839,LID-4344,Vehicle,5.00E+05,3
CID-864376,LID-872515,Personal,5.00E+05,5
CID-51647,LID-254740,Vehicle,1.00E+05,10
CID-280222,LID-377750,Housing,5.00E+05,10
CID-806038,LID-149758,Vehicle,5.00E+05,10
CID-747256,LID-460676,Housing,5.00E+05,4
CID-317937,LID-130202,Housing,2.00E+05,10
CID-345749,LID-309010,Housing,5.00E+05,4
CID-552468,LID-530088,Vehicle,2.00E+05,2
CID-706291,LID-421403,Vehicle,5.00E+05,10
CID-565342,LID-333747,Housing,1.00E+05,3
CID-243935,LID-881924,Personal,1.00E+05,5
CID-313329,LID-359531,Personal,1.00E+05,10
CID-779719,LID-882740,Personal,2.00E+05,3
CID-26897,LID-379255,Vehicle,2.00E+05,4
CID-98311,LID-89713,Vehicle,50000,3
CID-789895,LID-96110,Vehicle,5.00E+05,2
CID-607058,LID-684270,Housing,1.00E+05,3
CID-571601,LID-869440,Vehicle,50000,4
CID-462611,LID-817679,Housing,1.00E+05,2
CID-597172,LID-200671,Vehicle,5.00E+05,4
CID-206532,LID-551287,Personal,1.00E+05,10
CID-829319,LID-236153,Housing,5.00E+05,3
CID-668634,LID-783029,Vehicle,1.00E+05,2
CID-437185,LID-82285,Vehicle,1.00E+05,10
CID-100034,LID-149590,Housing,1.00E+05,2
CID-287635,LID-371815,Vehicle,2.00E+05,5
CID-521740,LID-765016,Personal,1.00E+05,5
CID-120770,LID-601693,Personal,2.00E+05,2
CID-349043,LID-172521,Personal,5.00E+05,4
CID-136065,LID-149062,Vehicle,5.00E+05,2
CID-710254,LID-333801,Personal,1.00E+05,2
CID-304843,LID-466538,Vehicle,5.00E+05,5
CID-241686,LID-267297,Housing,2.00E+05,3
CID-315078,LID-738820,Personal,1.00E+05,3
CID-456073,LID-690411,Personal,1.00E+05,4
CID-276584,LID-770290,Personal,1.00E+05,10
CID-358472,LID-20356,Vehicle,1.00E+05,5
CID-742784,LID-494073,Housing,1.00E+05,2
CID-884074,LID-886522,Vehicle,1.00E+05,4
CID-118502,LID-899506,Personal,5.00E+05,4
CID-360393,LID-650865,Vehicle,50000,3
CID-150933,LID-413126,Personal,1.00E+05,4
CID-624257,LID-124618,Personal,1.00E+05,3
CID-697100,LID-463968,Vehicle,1.00E+05,4
CID-143775,LID-390234,Housing,1.00E+05,10
CID-170313,LID-142134,Personal,50000,10
CID-220960,LID-289468,Housing,50000,3
CID-386508,LID-750525,Personal,1.00E+05,4
CID-18461,LID-542590,Housing,2.00E+05,3
CID-365738,LID-353574,Housing,1.00E+05,2
CID-325533,LID-134620,Personal,5.00E+05,10
CID-208014,LID-171873,Vehicle,1.00E+05,3
CID-411897,LID-115133,Personal,1.00E+05,3
CID-239969,LID-145993,Vehicle,2.00E+05,3
CID-722858,LID-815780,Vehicle,5.00E+05,5
CID-586663,LID-502683,Housing,50000,3
CID-99875,LID-848434,Vehicle,50000,2
CID-465094,LID-624333,Personal,5.00E+05,4
CID-664613,LID-693455,Personal,2.00E+05,2
CID-553879,LID-573135,Housing,1.00E+05,2
CID-400492,LID-409454,Vehicle,5.00E+05,2
CID-177425,LID-613731,Personal,5.00E+05,2
CID-89978,LID-123895,Housing,1.00E+05,4
CID-691757,LID-369109,Housing,2.00E+05,3
CID-832141,LID-440826,Vehicle,5.00E+05,2
CID-646128,LID-71196,Housing,1.00E+05,5
CID-672175,LID-751835,Vehicle,50000,4
CID-450720,LID-627061,Housing,1.00E+05,5
CID-398500,LID-879833,Personal,5.00E+05,10
CID-344439,LID-233833,Personal,2.00E+05,3
CID-22174,LID-377337,Housing,1.00E+05,10
CID-37636,LID-740113,Personal,50000,5
CID-83807,LID-770306,Personal,50000,5
CID-803935,LID-664403,Housing,1.00E+05,2
CID-575116,LID-489613,Vehicle,2.00E+05,10
CID-238055,LID-413887,Personal,1.00E+05,4
CID-710969,LID-335788,Housing,5.00E+05,5
CID-247732,LID-531478,Housing,2.00E+05,2
CID-603536,LID-830686,Vehicle,5.00E+05,2
CID-445244,LID-790995,Vehicle,5.00E+05,5
CID-412709,LID-367498,Housing,1.00E+05,10
CID-127321,LID-693620,Housing,1.00E+05,10
CID-132446,LID-118412,Personal,1.00E+05,10
CID-468948,LID-56435,Housing,5.00E+05,3
CID-56046,LID-316055,Housing,5.00E+05,5
CID-878483,LID-831572,Housing,2.00E+05,4
CID-653716,LID-705156,Personal,2.00E+05,3
CID-117322,LID-864323,Vehicle,1.00E+05,4
CID-765790,LID-186362,Vehicle,1.00E+05,10
CID-705051,LID-362115,Personal,1.00E+05,5
CID-438650,LID-877108,Personal,1.00E+05,4
CID-796988,LID-364418,Housing,50000,10
CID-634947,LID-27517,Housing,1.00E+05,3
CID-615568,LID-510599,Housing,1.00E+05,2
CID-647598,LID-422675,Housing,50000,2
CID-534647,LID-736755,Housing,5.00E+05,3
CID-711728,LID-247501,Housing,50000,3
CID-227053,LID-624842,Housing,1.00E+05,10
CID-685593,LID-697488,Personal,5.00E+05,5
CID-240383,LID-814944,Vehicle,1.00E+05,3
CID-342776,LID-675260,Housing,5.00E+05,4
CID-846496,LID-354917,Housing,50000,3
CID-564138,LID-658402,Housing,50000,3
CID-372647,LID-614651,Personal,2.00E+05,4
CID-315295,LID-360972,Vehicle,50000,4
CID-270146,LID-241295,Vehicle,5.00E+05,5
CID-684063,LID-713762,Vehicle,1.00E+05,10
CID-889203,LID-799851,Housing,1.00E+05,2
CID-208384,LID-605363,Personal,1.00E+05,5
CID-711872,LID-820111,Vehicle,1.00E+05,3
CID-607914,LID-115156,Personal,50000,3
CID-750179,LID-835233,Vehicle,2.00E+05,4
CID-310258,LID-349476,Personal,2.00E+05,4
CID-634018,LID-627672,Vehicle,1.00E+05,2
CID-792205,LID-716565,Vehicle,1.00E+05,2
CID-78374,LID-333545,Personal,5.00E+05,5
CID-313187,LID-269472,Personal,1.00E+05,4
CID-682867,LID-826145,Personal,5.00E+05,4
CID-489975,LID-433091,Housing,50000,10
CID-220957,LID-855401,Housing,5.00E+05,10
CID-744226,LID-844643,Vehicle,1.00E+05,4
CID-326942,LID-239543,Personal,2.00E+05,3
CID-659303,LID-516898,Personal,1.00E+05,4
CID-414126,LID-84763,Personal,1.00E+05,4
CID-514467,LID-627090,Personal,50000,10
CID-454040,LID-871094,Personal,50000,10
CID-605079,LID-601510,Vehicle,1.00E+05,3
CID-268956,LID-35553,Personal,1.00E+05,3
CID-114112,LID-478010,Housing,5.00E+05,4
CID-449743,LID-433574,Personal,5.00E+05,5
CID-162249,LID-789430,Vehicle,5.00E+05,4
CID-309342,LID-227771,Vehicle,50000,4
CID-15771,LID-47338,Personal,50000,2
CID-847327,LID-889521,Personal,5.00E+05,10
CID-14012,LID-536258,Vehicle,1.00E+05,3
CID-352547,LID-80838,Housing,5.00E+05,2
CID-679210,LID-651707,Personal,2.00E+05,5
CID-367042,LID-148946,Housing,1.00E+05,5
CID-765533,LID-93659,Housing,2.00E+05,3
CID-873877,LID-737406,Housing,1.00E+05,2
CID-251983,LID-170497,Personal,1.00E+05,5
CID-302884,LID-170688,Housing,50000,5
CID-111875,LID-497088,Vehicle,5.00E+05,2
CID-818777,LID-610803,Housing,2.00E+05,5
CID-556419,LID-48528,Housing,1.00E+05,3
CID-496602,LID-414926,Personal,1.00E+05,3
CID-319621,LID-752117,Housing,50000,5
CID-803068,LID-269879,Personal,1.00E+05,2
CID-327432,LID-32909,Housing,1.00E+05,5
CID-542351,LID-396276,Personal,2.00E+05,3
CID-349416,LID-434491,Personal,1.00E+05,4
CID-783220,LID-99632,Vehicle,1.00E+05,2
CID-574140,LID-135834,Personal,5.00E+05,4
CID-888330,LID-576798,Housing,1.00E+05,10
CID-591767,LID-55101,Vehicle,1.00E+05,10
CID-329196,LID-781809,Housing,1.00E+05,2
CID-445101,LID-541953,Personal,5.00E+05,10
CID-705048,LID-688791,Vehicle,1.00E+05,3
CID-781548,LID-349017,Housing,2.00E+05,4
CID-215564,LID-84057,Housing,2.00E+05,2
CID-856482,LID-40272,Vehicle,50000,4
CID-707744,LID-244028,Housing,1.00E+05,3
CID-867166,LID-274487,Personal,1.00E+05,4
CID-654459,LID-295767,Vehicle,50000,3
CID-698795,LID-887694,Personal,50000,4
CID-206991,LID-703942,Housing,50000,10
CID-749148,LID-134259,Vehicle,2.00E+05,4
CID-677982,LID-306714,Vehicle,2.00E+05,2
CID-406959,LID-644813,Housing,50000,3
CID-148239,LID-228012,Housing,1.00E+05,2
CID-165566,LID-441310,Personal,1.00E+05,2
CID-263621,LID-232709,Housing,1.00E+05,3
CID-83054,LID-183102,Personal,5.00E+05,3
CID-294639,LID-572222,Housing,1.00E+05,4
CID-449653,LID-437754,Housing,2.00E+05,10
CID-53219,LID-59146,Housing,50000,2
CID-878202,LID-59048,Vehicle,50000,3
CID-135873,LID-836387,Personal,2.00E+05,10
CID-276056,LID-352389,Housing,2.00E+05,3
CID-21810,LID-416731,Personal,1.00E+05,2
CID-605265,LID-531340,Personal,2.00E+05,2
CID-287384,LID-845755,Personal,2.00E+05,3
CID-276454,LID-868809,Personal,50000,10
CID-844581,LID-180824,Vehicle,1.00E+05,5
CID-574113,LID-287407,Housing,5.00E+05,5
CID-549075,LID-493066,Housing,1.00E+05,4
CID-557751,LID-605862,Housing,5.00E+05,5
CID-134563,LID-555843,Personal,50000,2
CID-414556,LID-557831,Housing,2.00E+05,10
CID-897816,LID-692529,Personal,2.00E+05,2
CID-525576,LID-375266,Housing,1.00E+05,5
CID-409593,LID-507858,Housing,1.00E+05,2
CID-66109,LID-396173,Vehicle,50000,5
CID-638600,LID-589981,Vehicle,2.00E+05,5
CID-173226,LID-61567,Personal,1.00E+05,2
CID-499115,LID-150251,Housing,1.00E+05,3
CID-306936,LID-890047,Housing,1.00E+05,3
CID-398810,LID-302401,Personal,1.00E+05,2
CID-538137,LID-77124,Housing,1.00E+05,4
CID-692199,LID-20440,Housing,2.00E+05,10
CID-347343,LID-688519,Personal,50000,5
CID-583841,LID-216068,Personal,1.00E+05,5
CID-863730,LID-137257,Vehicle,1.00E+05,10
CID-735068,LID-606367,Housing,2.00E+05,10
CID-749298,LID-266301,Housing,1.00E+05,10
CID-682637,LID-321076,Vehicle,1.00E+05,10
CID-761021,LID-92620,Housing,50000,5
CID-740119,LID-875408,Housing,1.00E+05,2
CID-754180,LID-384455,Housing,2.00E+05,4
CID-506017,LID-737903,Vehicle,5.00E+05,2
CID-751385,LID-874511,Housing,1.00E+05,4
CID-28584,LID-632882,Vehicle,2.00E+05,5
CID-752570,LID-42136,Housing,2.00E+05,5
CID-398293,LID-304002,Vehicle,2.00E+05,2
CID-355332,LID-853327,Vehicle,1.00E+05,3
CID-757169,LID-714806,Housing,2.00E+05,4
CID-582016,LID-277946,Housing,5.00E+05,4
CID-310837,LID-899396,Vehicle,50000,5
CID-151461,LID-781212,Vehicle,2.00E+05,5
CID-279440,LID-401687,Personal,1.00E+05,3
CID-291941,LID-350812,Housing,5.00E+05,4
CID-514745,LID-514332,Personal,2.00E+05,3
CID-128214,LID-6267,Personal,5.00E+05,5
CID-363152,LID-377565,Vehicle,2.00E+05,10
CID-589878,LID-731917,Vehicle,50000,5
CID-620378,LID-692442,Housing,1.00E+05,5
CID-542524,LID-673486,Housing,2.00E+05,10
CID-776981,LID-109825,Personal,2.00E+05,2
CID-333284,LID-575368,Personal,1.00E+05,3
CID-715856,LID-315123,Housing,50000,4
CID-700561,LID-399586,Vehicle,2.00E+05,3
CID-408806,LID-221626,Housing,1.00E+05,4
CID-538268,LID-137240,Personal,2.00E+05,2
CID-22791,LID-728183,Vehicle,50000,10
CID-417871,LID-129863,Vehicle,5.00E+05,10
CID-496222,LID-264026,Housing,50000,4
CID-446379,LID-828341,Vehicle,1.00E+05,10
CID-862018,LID-723691,Housing,1.00E+05,5
CID-871868,LID-662025,Personal,1.00E+05,3
CID-592614,LID-598631,Personal,1.00E+05,3
CID-314628,LID-245766,Personal,1.00E+05,10
CID-485039,LID-590370,Housing,50000,2
CID-224526,LID-358721,Vehicle,5.00E+05,4
CID-786832,LID-429168,Personal,1.00E+05,2
CID-806387,LID-814626,Vehicle,1.00E+05,2
CID-676727,LID-812180,Vehicle,5.00E+05,2
CID-710261,LID-694928,Vehicle,2.00E+05,5
CID-572451,LID-78672,Personal,1.00E+05,3
CID-100741,LID-420483,Housing,50000,4
CID-522125,LID-803665,Vehicle,5.00E+05,3
CID-799562,LID-205779,Personal,5.00E+05,2
CID-705888,LID-173445,Personal,50000,5
CID-97727,LID-741452,Vehicle,1.00E+05,3
CID-597295,LID-109629,Personal,5.00E+05,2
CID-68231,LID-214569,Vehicle,5.00E+05,5
CID-69331,LID-513706,Housing,50000,10
CID-101780,LID-811149,Vehicle,1.00E+05,10
CID-581825,LID-599439,Vehicle,5.00E+05,2
CID-143242,LID-175242,Vehicle,5.00E+05,4
CID-338546,LID-875306,Vehicle,50000,4
CID-265329,LID-681858,Housing,1.00E+05,10
CID-242369,LID-438585,Vehicle,5.00E+05,5
CID-640339,LID-240100,Personal,1.00E+05,2
CID-92866,LID-552670,Personal,1.00E+05,5
CID-304620,LID-271507,Personal,1.00E+05,3
CID-855129,LID-272435,Vehicle,50000,5
CID-229725,LID-612492,Vehicle,1.00E+05,5
CID-658169,LID-830404,Housing,1.00E+05,3
CID-776780,LID-815695,Personal,2.00E+05,10
CID-886989,LID-881994,Vehicle,1.00E+05,5
CID-36117,LID-94045,Vehicle,50000,4
CID-106878,LID-187849,Personal,50000,5
CID-153929,LID-134841,Housing,1.00E+05,10
CID-167440,LID-847022,Personal,5.00E+05,5
CID-369817,LID-897012,Personal,1.00E+05,10
CID-689650,LID-81078,Vehicle,5.00E+05,10
CID-446074,LID-210984,Personal,50000,4
CID-674699,LID-94633,Vehicle,5.00E+05,2
CID-861527,LID-225591,Housing,1.00E+05,3
CID-512145,LID-860955,Housing,1.00E+05,10
CID-869359,LID-34077,Personal,5.00E+05,4
CID-746544,LID-505117,Personal,2.00E+05,10
CID-30436,LID-25532,Housing,1.00E+05,3
CID-364916,LID-258676,Personal,1.00E+05,10
CID-451269,LID-579962,Housing,1.00E+05,10
CID-532259,LID-649406,Housing,1.00E+05,3
CID-710059,LID-381464,Personal,2.00E+05,10
CID-429060,LID-816278,Vehicle,50000,3
CID-17382,LID-9326,Personal,1.00E+05,3
CID-897480,LID-548202,Vehicle,5.00E+05,3
CID-558984,LID-259501,Housing,1.00E+05,2
CID-816955,LID-44001,Personal,50000,5
CID-678024,LID-3442,Personal,5.00E+05,3
CID-152027,LID-276416,Personal,5.00E+05,5
CID-492009,LID-145796,Personal,5.00E+05,2
CID-50752,LID-344483,Personal,1.00E+05,3
CID-315360,LID-579581,Personal,5.00E+05,2
CID-827139,LID-658851,Personal,5.00E+05,2
CID-489192,LID-300439,Personal,50000,5
CID-251226,LID-838673,Vehicle,50000,4
CID-324988,LID-583208,Housing,50000,10
CID-183905,LID-204914,Housing,1.00E+05,10
CID-538699,LID-823585,Vehicle,1.00E+05,5
CID-148412,LID-58502,Personal,1.00E+05,4
CID-454590,LID-272971,Housing,2.00E+05,4
CID-600504,LID-868356,Vehicle,2.00E+05,2
CID-867435,LID-896189,Housing,1.00E+05,10
CID-474052,LID-640385,Vehicle,5.00E+05,2
CID-138823,LID-894755,Personal,1.00E+05,4
CID-77543,LID-256425,Housing,50000,5
CID-792402,LID-39521,Housing,5.00E+05,5
CID-90584,LID-242708,Vehicle,1.00E+05,10
CID-72535,LID-537896,Vehicle,1.00E+05,4
CID-808016,LID-884746,Personal,2.00E+05,3
CID-701011,LID-785113,Personal,50000,10
CID-455469,LID-665945,Personal,2.00E+05,10
CID-608296,LID-666584,Personal,2.00E+05,2
CID-54901,LID-51058,Housing,1.00E+05,3
CID-897363,LID-334809,Housing,50000,10
CID-330898,LID-806617,Vehicle,2.00E+05,4
CID-351573,LID-401647,Vehicle,50000,10
CID-431745,LID-241826,Housing,1.00E+05,4
CID-782541,LID-44630,Personal,1.00E+05,3
CID-541013,LID-663754,Vehicle,1.00E+05,10
CID-247638,LID-168818,Personal,1.00E+05,3
CID-121517,LID-890269,Housing,1.00E+05,5
CID-584507,LID-847556,Vehicle,50000,3
CID-234961,LID-263788,Personal,1.00E+05,4
CID-731389,LID-793677,Vehicle,2.00E+05,10
CID-64568,LID-628527,Vehicle,2.00E+05,5
CID-507523,LID-796415,Vehicle,1.00E+05,3
CID-365485,LID-631098,Personal,1.00E+05,4
CID-662875,LID-119739,Housing,2.00E+05,5
CID-775460,LID-414839,Housing,1.00E+05,5
CID-45977,LID-273444,Housing,2.00E+05,5
CID-215575,LID-219555,Housing,5.00E+05,3
CID-367267,LID-30385,Vehicle,2.00E+05,4
CID-687680,LID-826030,Vehicle,2.00E+05,2
CID-150362,LID-831315,Housing,1.00E+05,10
CID-899327,LID-136116,Vehicle,2.00E+05,3
CID-682785,LID-294912,Personal,2.00E+05,3
CID-534186,LID-640603,Personal,50000,10
CID-596952,LID-455889,Vehicle,1.00E+05,3
CID-454540,LID-303149,Vehicle,1.00E+05,5
CID-283676,LID-642959,Vehicle,1.00E+05,5
CID-552595,LID-620134,Personal,1.00E+05,10
CID-650534,LID-215477,Housing,1.00E+05,3
CID-829803,LID-359548,Vehicle,5.00E+05,5
CID-635830,LID-326597,Vehicle,1.00E+05,10
CID-714648,LID-439443,Housing,5.00E+05,5
CID-525785,LID-576759,Vehicle,5.00E+05,4
CID-661950,LID-152264,Housing,50000,10
CID-63233,LID-738512,Housing,2.00E+05,5
CID-145144,LID-862099,Vehicle,5.00E+05,4
CID-49914,LID-761591,Personal,1.00E+05,4
CID-379709,LID-112411,Housing,5.00E+05,10
CID-229201,LID-269655,Vehicle,50000,4
CID-887615,LID-100817,Personal,5.00E+05,5
CID-684448,LID-258786,Housing,2.00E+05,10
CID-467197,LID-776244,Personal,2.00E+05,5
CID-565191,LID-884223,Personal,1.00E+05,3
CID-128215,LID-708864,Housing,50000,10
CID-867503,LID-255194,Vehicle,1.00E+05,3
CID-218193,LID-266863,Personal,5.00E+05,4
CID-11434,LID-181438,Housing,50000,3
CID-626467,LID-708523,Housing,2.00E+05,3
CID-845913,LID-671803,Housing,50000,3
CID-309334,LID-103868,Housing,1.00E+05,3
CID-110442,LID-311067,Personal,50000,4
CID-774094,LID-3130,Personal,50000,4
CID-716406,LID-897073,Housing,5.00E+05,2
CID-248113,LID-753530,Personal,2.00E+05,2
CID-384591,LID-448976,Personal,2.00E+05,2
CID-654930,LID-485794,Personal,1.00E+05,2
CID-147381,LID-699619,Vehicle,5.00E+05,5
CID-473907,LID-857757,Personal,1.00E+05,4
CID-498026,LID-411234,Personal,50000,2
CID-631126,LID-675554,Housing,1.00E+05,10
CID-573963,LID-664052,Personal,2.00E+05,2
CID-468455,LID-658741,Housing,2.00E+05,4
CID-680931,LID-54173,Vehicle,1.00E+05,10
CID-500034,LID-713828,Vehicle,2.00E+05,2
CID-101087,LID-247759,Vehicle,1.00E+05,5
CID-416596,LID-681681,Housing,5.00E+05,3
CID-320764,LID-582157,Vehicle,50000,5
CID-464917,LID-47693,Personal,2.00E+05,5
CID-35141,LID-221867,Vehicle,2.00E+05,4
CID-92908,LID-413937,Vehicle,2.00E+05,2
CID-341078,LID-856291,Personal,1.00E+05,10
CID-440192,LID-11080,Housing,1.00E+05,4
CID-543573,LID-774299,Housing,1.00E+05,4
CID-540052,LID-378168,Housing,1.00E+05,2
CID-353516,LID-799724,Housing,1.00E+05,5
CID-233784,LID-707184,Personal,50000,10
CID-181143,LID-166329,Vehicle,5.00E+05,10
CID-641917,LID-735002,Vehicle,5.00E+05,4
CID-11925,LID-432053,Vehicle,2.00E+05,2
CID-460770,LID-529813,Housing,1.00E+05,3
CID-363265,LID-54041,Vehicle,1.00E+05,10
CID-110959,LID-805351,Housing,1.00E+05,10
CID-73265,LID-209951,Personal,5.00E+05,2
CID-857742,LID-898348,Vehicle,1.00E+05,10
CID-264808,LID-678575,Housing,2.00E+05,3
CID-196180,LID-864259,Vehicle,5.00E+05,4
CID-496484,LID-236173,Vehicle,2.00E+05,5
CID-150352,LID-696482,Personal,50000,2
CID-511170,LID-571965,Personal,5.00E+05,3
CID-129361,LID-863224,Vehicle,5.00E+05,5
CID-855198,LID-638287,Vehicle,1.00E+05,10
CID-655191,LID-768678,Vehicle,50000,2
CID-147555,LID-700264,Housing,5.00E+05,10
CID-479237,LID-173730,Personal,5.00E+05,10
CID-495205,LID-655350,Housing,5.00E+05,5
CID-403854,LID-155,Vehicle,50000,5
CID-334425,LID-335275,Housing,1.00E+05,4
CID-8712,LID-752011,Vehicle,1.00E+05,5
CID-277075,LID-840396,Vehicle,5.00E+05,5
CID-329531,LID-887922,Housing,1.00E+05,2
CID-122596,LID-113581,Housing,1.00E+05,10
CID-884845,LID-724384,Housing,50000,2
CID-537919,LID-851539,Vehicle,2.00E+05,3
CID-407259,LID-134644,Vehicle,2.00E+05,10
CID-630346,LID-477893,Vehicle,50000,4
CID-594759,LID-695013,Personal,50000,3
CID-544378,LID-194170,Vehicle,2.00E+05,3
CID-348755,LID-825044,Housing,50000,5
CID-852746,LID-55000,Vehicle,2.00E+05,10
CID-180849,LID-5863,Personal,1.00E+05,5
CID-156487,LID-3360,Housing,2.00E+05,3
CID-129974,LID-453174,Vehicle,50000,3
CID-659800,LID-165880,Personal,2.00E+05,3
CID-771100,LID-615413,Personal,5.00E+05,2
CID-497215,LID-782393,Vehicle,50000,3
CID-258730,LID-796903,Housing,1.00E+05,10
CID-755432,LID-684822,Housing,1.00E+05,2
CID-577900,LID-462207,Personal,1.00E+05,5
CID-740676,LID-163292,Personal,1.00E+05,4
CID-711813,LID-588144,Vehicle,1.00E+05,4
CID-305359,LID-891169,Housing,5.00E+05,2
CID-859549,LID-594358,Vehicle,1.00E+05,10
CID-77545,LID-713520,Housing,1.00E+05,5
CID-409358,LID-69340,Housing,1.00E+05,3
CID-226012,LID-863956,Personal,50000,3
CID-571245,LID-890100,Personal,5.00E+05,5
CID-869519,LID-283639,Personal,1.00E+05,5
CID-133373,LID-530919,Personal,1.00E+05,5
CID-797819,LID-576630,Vehicle,2.00E+05,3
CID-161923,LID-728119,Housing,1.00E+05,5
CID-10424,LID-561219,Vehicle,2.00E+05,5
CID-854378,LID-638808,Vehicle,50000,3
CID-488559,LID-447456,Personal,1.00E+05,4
CID-276774,LID-501917,Personal,2.00E+05,5
CID-237979,LID-445075,Vehicle,5.00E+05,4
CID-586638,LID-436198,Housing,1.00E+05,10
CID-247774,LID-849765,Housing,5.00E+05,3
CID-37003,LID-299015,Personal,2.00E+05,4
CID-891714,LID-87310,Vehicle,50000,5
CID-51261,LID-466909,Personal,1.00E+05,4
CID-799137,LID-263543,Vehicle,2.00E+05,2
CID-441894,LID-625946,Personal,50000,2
CID-23494,LID-114824,Vehicle,5.00E+05,5
CID-440939,LID-359918,Vehicle,1.00E+05,4
CID-456428,LID-543907,Personal,1.00E+05,10
CID-173210,LID-888685,Housing,5.00E+05,4
CID-98838,LID-25071,Personal,1.00E+05,5
CID-21418,LID-424579,Housing,2.00E+05,3
CID-321368,LID-502245,Housing,2.00E+05,5
CID-851031,LID-879009,Personal,1.00E+05,4
CID-890084,LID-119745,Housing,2.00E+05,3
CID-88040,LID-115019,Housing,1.00E+05,2
CID-861402,LID-740792,Personal,5.00E+05,4
CID-400803,LID-431767,Housing,5.00E+05,4
CID-469671,LID-461907,Personal,50000,4
CID-795777,LID-491242,Personal,1.00E+05,4
CID-236620,LID-38712,Personal,1.00E+05,3
CID-664067,LID-205633,Vehicle,5.00E+05,10
CID-733968,LID-62108,Vehicle,50000,2
CID-852073,LID-29988,Vehicle,5.00E+05,5
CID-856253,LID-336916,Housing,2.00E+05,2
CID-58156,LID-713439,Housing,2.00E+05,5
CID-284225,LID-404152,Vehicle,1.00E+05,3
CID-394511,LID-34838,Housing,2.00E+05,4
CID-702332,LID-566067,Personal,50000,4
CID-616188,LID-712638,Personal,5.00E+05,4
CID-117141,LID-521090,Housing,2.00E+05,4
CID-583962,LID-30994,Vehicle,2.00E+05,2
CID-658535,LID-590890,Vehicle,2.00E+05,3
CID-647338,LID-672197,Housing,5.00E+05,2
CID-875985,LID-406598,Housing,1.00E+05,2
CID-366664,LID-330104,Housing,50000,2
CID-287936,LID-100625,Personal,1.00E+05,2
CID-447583,LID-33855,Personal,1.00E+05,3
CID-162153,LID-120678,Personal,5.00E+05,4
CID-420706,LID-824274,Housing,1.00E+05,4
CID-324297,LID-590277,Housing,5.00E+05,10
CID-368987,LID-37222,Vehicle,50000,10
CID-396570,LID-461824,Housing,1.00E+05,5
CID-863380,LID-127446,Vehicle,1.00E+05,10
CID-344596,LID-568260,Housing,1.00E+05,3
CID-472042,LID-166834,Vehicle,2.00E+05,3
CID-217961,LID-112469,Personal,50000,5
CID-830205,LID-841198,Vehicle,2.00E+05,4
CID-622818,LID-438981,Housing,1.00E+05,10
CID-541107,LID-88667,Personal,2.00E+05,3
CID-130939,LID-142040,Vehicle,2.00E+05,3
CID-677333,LID-127760,Vehicle,1.00E+05,5
CID-743964,LID-757521,Vehicle,50000,2
CID-721970,LID-311162,Personal,5.00E+05,2
CID-834862,LID-130775,Personal,1.00E+05,3
CID-716084,LID-611083,Personal,5.00E+05,5
CID-365158,LID-151159,Personal,1.00E+05,2
CID-557462,LID-532056,Housing,5.00E+05,2
CID-449282,LID-547300,Personal,1.00E+05,10
CID-532354,LID-705747,Personal,5.00E+05,2
CID-828548,LID-551090,Housing,1.00E+05,5
CID-627415,LID-223620,Personal,5.00E+05,5
CID-303658,LID-162646,Housing,1.00E+05,2
CID-175240,LID-860752,Personal,1.00E+05,3
CID-689316,LID-138034,Personal,1.00E+05,2
CID-313508,LID-328019,Personal,50000,4
CID-45970,LID-472460,Housing,50000,4
CID-536685,LID-569922,Personal,2.00E+05,2
CID-552851,LID-729855,Personal,1.00E+05,3
CID-280862,LID-802623,Vehicle,2.00E+05,3
CID-893092,LID-311571,Housing,1.00E+05,10
CID-308019,LID-363017,Housing,50000,5
CID-72876,LID-238742,Housing,5.00E+05,5
CID-389741,LID-193119,Personal,2.00E+05,2
CID-799723,LID-872906,Vehicle,1.00E+05,3
CID-696050,LID-599095,Personal,1.00E+05,3
CID-143904,LID-594518,Housing,5.00E+05,5
CID-664413,LID-132216,Personal,5.00E+05,2
CID-571616,LID-185356,Housing,5.00E+05,4
CID-817157,LID-547097,Housing,2.00E+05,4
CID-124718,LID-318660,Vehicle,1.00E+05,3
CID-656097,LID-411926,Vehicle,2.00E+05,10
CID-635011,LID-111429,Personal,1.00E+05,10
CID-635468,LID-610361,Personal,1.00E+05,2
CID-561004,LID-162887,Personal,50000,3
CID-260740,LID-38009,Housing,1.00E+05,4
CID-204839,LID-194569,Personal,2.00E+05,3
CID-457345,LID-672461,Personal,50000,5
CID-103961,LID-399076,Personal,1.00E+05,4
CID-191570,LID-356312,Vehicle,1.00E+05,2
CID-593180,LID-483537,Personal,1.00E+05,2
CID-89371,LID-561396,Vehicle,50000,3
CID-33376,LID-806630,Vehicle,1.00E+05,2
CID-493858,LID-48908,Housing,5.00E+05,10
CID-522555,LID-2875,Vehicle,1.00E+05,10
CID-641951,LID-437805,Housing,1.00E+05,2
CID-649748,LID-199638,Personal,5.00E+05,3
CID-485600,LID-719420,Personal,50000,2
CID-842776,LID-596277,Housing,50000,3
CID-198837,LID-192193,Housing,2.00E+05,3
CID-62395,LID-403118,Personal,5.00E+05,2
CID-840468,LID-629086,Personal,2.00E+05,3
CID-608523,LID-13947,Housing,2.00E+05,4
CID-189785,LID-867225,Housing,50000,10
CID-320023,LID-848826,Vehicle,5.00E+05,5
CID-59543,LID-73086,Housing,1.00E+05,4
CID-414427,LID-158594,Housing,50000,2
CID-658587,LID-641497,Personal,1.00E+05,5
CID-713602,LID-506477,Vehicle,50000,3
CID-260581,LID-211150,Personal,5.00E+05,2
CID-324539,LID-317738,Personal,1.00E+05,10
CID-289957,LID-581087,Housing,5.00E+05,4
CID-151284,LID-366382,Housing,2.00E+05,3
CID-658510,LID-496233,Personal,5.00E+05,4
CID-35408,LID-814086,Housing,1.00E+05,2
CID-401604,LID-340816,Housing,1.00E+05,3
CID-190202,LID-521891,Housing,50000,3
CID-210498,LID-172300,Vehicle,2.00E+05,4
CID-864928,LID-423108,Housing,50000,2
CID-476665,LID-101631,Personal,2.00E+05,4
CID-480951,LID-579226,Vehicle,5.00E+05,2
CID-655556,LID-608147,Vehicle,1.00E+05,10
CID-100448,LID-811775,Housing,1.00E+05,4
CID-265335,LID-811643,Personal,1.00E+05,4
CID-349037,LID-759456,Housing,1.00E+05,4
CID-191359,LID-819707,Vehicle,2.00E+05,5
CID-482694,LID-715842,Vehicle,5.00E+05,5
CID-507345,LID-243659,Personal,1.00E+05,5
CID-49441,LID-301996,Personal,1.00E+05,5
CID-97909,LID-469028,Personal,50000,3
CID-819816,LID-314744,Vehicle,1.00E+05,2
CID-565499,LID-694687,Housing,5.00E+05,4
CID-888898,LID-469165,Housing,2.00E+05,2
CID-584481,LID-340240,Personal,50000,2
CID-848797,LID-574353,Housing,5.00E+05,4
CID-239268,LID-425879,Personal,2.00E+05,10
CID-751176,LID-434679,Housing,5.00E+05,2
CID-658004,LID-754735,Housing,5.00E+05,10
CID-76625,LID-499608,Housing,5.00E+05,3
CID-141162,LID-473958,Housing,5.00E+05,2
CID-853538,LID-414216,Housing,2.00E+05,3
CID-878789,LID-568962,Personal,1.00E+05,2
CID-89080,LID-790713,Personal,50000,10
CID-688917,LID-210528,Vehicle,50000,5
CID-395309,LID-539551,Housing,1.00E+05,2
CID-512049,LID-55260,Housing,1.00E+05,10
CID-271098,LID-319700,Vehicle,2.00E+05,5
CID-810544,LID-470818,Personal,5.00E+05,2
CID-339775,LID-73862,Housing,50000,5
CID-405231,LID-239062,Vehicle,1.00E+05,10
CID-3200,LID-186770,Housing,1.00E+05,3
CID-174190,LID-9604,Vehicle,1.00E+05,4
CID-181849,LID-760902,Housing,2.00E+05,4
CID-692607,LID-774910,Vehicle,5.00E+05,10
CID-735550,LID-475990,Personal,1.00E+05,4
CID-704056,LID-122239,Personal,2.00E+05,10
CID-306798,LID-693745,Vehicle,1.00E+05,5
CID-718348,LID-12347,Housing,5.00E+05,2
CID-884258,LID-640033,Personal,2.00E+05,2
CID-70583,LID-862953,Housing,5.00E+05,10
CID-564484,LID-840518,Personal,1.00E+05,5
CID-757911,LID-24616,Vehicle,5.00E+05,2
CID-635914,LID-458336,Housing,1.00E+05,2
CID-305948,LID-261257,Vehicle,5.00E+05,5
CID-839416,LID-515825,Housing,2.00E+05,2
CID-12359,LID-709824,Housing,5.00E+05,10
CID-562376,LID-609138,Housing,1.00E+05,5
CID-866622,LID-98039,Vehicle,5.00E+05,2
CID-107297,LID-412118,Vehicle,1.00E+05,10
CID-144919,LID-423155,Vehicle,50000,5
CID-741984,LID-774752,Housing,50000,2
CID-447512,LID-271885,Personal,1.00E+05,4
CID-115519,LID-6119,Vehicle,50000,10
CID-389844,LID-252568,Personal,50000,3
CID-237222,LID-357328,Personal,2.00E+05,2
CID-713352,LID-33135,Vehicle,2.00E+05,4
CID-164426,LID-803018,Personal,1.00E+05,2
CID-263474,LID-868403,Vehicle,5.00E+05,2
CID-330609,LID-559973,Vehicle,1.00E+05,5
CID-13982,LID-50727,Housing,5.00E+05,10
CID-110042,LID-701420,Personal,5.00E+05,4
CID-188880,LID-885676,Vehicle,2.00E+05,5
CID-636401,LID-87416,Vehicle,1.00E+05,2
CID-226488,LID-701347,Personal,50000,5
CID-929,LID-320650,Housing,1.00E+05,10
CID-831912,LID-479703,Vehicle,1.00E+05,10
CID-662351,LID-497520,Housing,1.00E+05,10
CID-535779,LID-215596,Personal,5.00E+05,2
CID-321049,LID-719636,Housing,1.00E+05,3
CID-454885,LID-757855,Personal,5.00E+05,4
CID-394428,LID-614002,Personal,2.00E+05,5
CID-433047,LID-641889,Housing,2.00E+05,3
CID-831481,LID-427405,Personal,1.00E+05,5
CID-662429,LID-57003,Housing,50000,5
CID-664964,LID-562601,Personal,5.00E+05,2
CID-702256,LID-713698,Vehicle,50000,4
CID-304252,LID-123294,Personal,50000,2
CID-188575,LID-657359,Housing,2.00E+05,5
CID-625177,LID-550884,Housing,5.00E+05,4
CID-252291,LID-89121,Vehicle,2.00E+05,3
CID-553443,LID-50164,Personal,1.00E+05,3
CID-508725,LID-403748,Vehicle,5.00E+05,3
CID-561106,LID-486288,Vehicle,2.00E+05,10
CID-502539,LID-277614,Vehicle,50000,3
CID-783902,LID-774196,Housing,2.00E+05,2
CID-456963,LID-71820,Housing,2.00E+05,10
CID-235450,LID-128674,Vehicle,2.00E+05,10
CID-313240,LID-3389,Personal,50000,2
CID-326035,LID-30822,Personal,2.00E+05,3
CID-370541,LID-422004,Housing,1.00E+05,10
CID-574442,LID-161687,Vehicle,1.00E+05,10
CID-103833,LID-258731,Vehicle,1.00E+05,3
CID-210621,LID-706691,Personal,5.00E+05,2
CID-441423,LID-724755,Personal,1.00E+05,5
CID-199765,LID-451533,Housing,1.00E+05,5
CID-825379,LID-826525,Housing,50000,4
CID-280538,LID-697943,Vehicle,50000,5
CID-486523,LID-187466,Vehicle,50000,3
CID-591245,LID-63793,Housing,50000,2
CID-415552,LID-710323,Housing,1.00E+05,2
CID-488996,LID-462072,Personal,1.00E+05,5
CID-752845,LID-718837,Vehicle,1.00E+05,3
CID-163555,LID-629534,Personal,1.00E+05,3
CID-539578,LID-473985,Vehicle,1.00E+05,3
CID-286022,LID-752189,Personal,1.00E+05,3
CID-167627,LID-665607,Vehicle,1.00E+05,5
CID-65494,LID-435797,Personal,1.00E+05,4
CID-503073,LID-493661,Vehicle,2.00E+05,5
CID-633238,LID-882296,Personal,2.00E+05,5
CID-870357,LID-177422,Housing,2.00E+05,3
CID-389034,LID-566780,Housing,5.00E+05,5
CID-404142,LID-884376,Personal,1.00E+05,4
CID-680263,LID-145684,Personal,50000,4
CID-487994,LID-252533,Housing,1.00E+05,10
CID-237742,LID-476841,Personal,1.00E+05,4
CID-711991,LID-128129,Vehicle,50000,10
CID-58046,LID-664219,Personal,1.00E+05,5
CID-506254,LID-274873,Housing,2.00E+05,4
CID-167805,LID-552627,Vehicle,1.00E+05,4
CID-180573,LID-220243,Housing,1.00E+05,10
CID-255754,LID-182629,Vehicle,1.00E+05,3
CID-120346,LID-269709,Personal,1.00E+05,3
CID-584090,LID-836574,Personal,50000,2
CID-384140,LID-368095,Vehicle,5.00E+05,4
CID-840563,LID-512914,Personal,2.00E+05,3
CID-3351,LID-517147,Vehicle,1.00E+05,2
CID-113469,LID-286904,Housing,5.00E+05,3
CID-182355,LID-870077,Vehicle,50000,2
CID-652845,LID-454191,Personal,2.00E+05,4
CID-39597,LID-841402,Personal,1.00E+05,10
CID-678141,LID-869186,Vehicle,1.00E+05,3
CID-376627,LID-450132,Personal,5.00E+05,5
CID-153701,LID-890208,Personal,1.00E+05,5
CID-156908,LID-183092,Vehicle,50000,5
CID-36892,LID-879441,Vehicle,1.00E+05,3
CID-824882,LID-602671,Vehicle,1.00E+05,4
CID-285359,LID-200538,Housing,50000,5
CID-708533,LID-66274,Vehicle,5.00E+05,2
CID-564772,LID-314454,Vehicle,50000,5
CID-16989,LID-667450,Housing,50000,10
CID-156037,LID-796368,Personal,50000,3
CID-134374,LID-342329,Personal,1.00E+05,5
CID-105293,LID-88414,Personal,2.00E+05,10
CID-883808,LID-222996,Vehicle,5.00E+05,5
CID-636945,LID-635102,Personal,2.00E+05,3
CID-273353,LID-449005,Personal,50000,3
CID-14177,LID-397105,Personal,5.00E+05,2
CID-684527,LID-315598,Vehicle,1.00E+05,4
CID-266386,LID-875034,Housing,1.00E+05,3
CID-25586,LID-363683,Vehicle,1.00E+05,2
CID-76778,LID-496539,Housing,5.00E+05,2
CID-349434,LID-470514,Personal,1.00E+05,2
CID-630764,LID-271093,Personal,2.00E+05,10
CID-888126,LID-818637,Personal,5.00E+05,3
CID-128315,LID-93338,Housing,1.00E+05,2
CID-765845,LID-10261,Vehicle,2.00E+05,2
CID-612288,LID-265171,Housing,5.00E+05,10
CID-734857,LID-370792,Housing,1.00E+05,5
CID-41996,LID-68670,Vehicle,1.00E+05,4
CID-881187,LID-378107,Vehicle,1.00E+05,5
CID-361000,LID-20543,Personal,1.00E+05,3
CID-727140,LID-89064,Vehicle,50000,5
CID-550271,LID-877178,Vehicle,2.00E+05,3
CID-431433,LID-718915,Vehicle,50000,4
CID-369911,LID-740003,Personal,1.00E+05,4
CID-44781,LID-663476,Vehicle,50000,4
CID-558218,LID-590,Personal,1.00E+05,10
CID-652658,LID-225435,Vehicle,2.00E+05,3
CID-664211,LID-745298,Vehicle,5.00E+05,10
CID-629596,LID-630120,Personal,1.00E+05,5
CID-241072,LID-891636,Vehicle,50000,3
CID-633231,LID-444913,Housing,1.00E+05,4
CID-250785,LID-441060,Vehicle,1.00E+05,3
CID-135127,LID-296071,Housing,1.00E+05,2
CID-117197,LID-752896,Housing,2.00E+05,4
CID-407488,LID-237429,Vehicle,50000,2
CID-572083,LID-596889,Personal,2.00E+05,10
CID-494930,LID-37310,Personal,2.00E+05,3
CID-74596,LID-551230,Personal,1.00E+05,3
CID-567460,LID-4419,Housing,1.00E+05,10
CID-348927,LID-180879,Housing,2.00E+05,2
CID-570295,LID-407083,Personal,1.00E+05,4
CID-714887,LID-429804,Personal,5.00E+05,5
CID-326008,LID-549865,Housing,1.00E+05,3
CID-251063,LID-482379,Personal,1.00E+05,10
CID-751692,LID-572063,Housing,2.00E+05,4
CID-471677,LID-53772,Personal,1.00E+05,4
CID-747366,LID-689380,Vehicle,1.00E+05,5
CID-53081,LID-246030,Vehicle,2.00E+05,10
CID-454587,LID-600254,Vehicle,2.00E+05,10
CID-895175,LID-192590,Vehicle,50000,10
CID-851059,LID-400733,Vehicle,2.00E+05,2
CID-333932,LID-130651,Housing,1.00E+05,4
CID-427512,LID-116616,Housing,5.00E+05,10
CID-314885,LID-373070,Vehicle,2.00E+05,10
CID-102899,LID-778596,Housing,5.00E+05,2
CID-314558,LID-594798,Vehicle,1.00E+05,2
CID-869786,LID-668012,Personal,5.00E+05,5
CID-83215,LID-202249,Housing,1.00E+05,3
CID-12535,LID-334756,Vehicle,1.00E+05,2
CID-87231,LID-547986,Vehicle,1.00E+05,10
CID-208113,LID-41087,Vehicle,1.00E+05,2
CID-486108,LID-332318,Housing,2.00E+05,10
CID-844146,LID-7137,Personal,1.00E+05,3
CID-852776,LID-211172,Vehicle,5.00E+05,5
CID-432803,LID-709773,Housing,2.00E+05,10
CID-302335,LID-736885,Vehicle,2.00E+05,5
CID-542200,LID-743778,Vehicle,2.00E+05,4
CID-749483,LID-352310,Personal,2.00E+05,3
CID-755055,LID-631950,Vehicle,50000,2
CID-725656,LID-41222,Personal,5.00E+05,10
CID-367044,LID-267029,Personal,2.00E+05,5
CID-20094,LID-808137,Housing,2.00E+05,5
CID-127393,LID-421764,Housing,1.00E+05,10
CID-493915,LID-109122,Housing,50000,2
CID-125848,LID-708874,Vehicle,1.00E+05,4
CID-444596,LID-423583,Personal,1.00E+05,4
CID-769477,LID-638404,Housing,5.00E+05,5
CID-503039,LID-509128,Personal,2.00E+05,10
CID-524061,LID-204568,Personal,2.00E+05,5
CID-234867,LID-503893,Personal,50000,3
CID-773323,LID-160853,Personal,2.00E+05,2
CID-822798,LID-799137,Personal,5.00E+05,4
CID-722251,LID-584930,Vehicle,2.00E+05,10
CID-146690,LID-97305,Personal,2.00E+05,2
CID-615417,LID-564977,Personal,1.00E+05,3
CID-46678,LID-653583,Housing,5.00E+05,4
CID-386363,LID-481352,Housing,50000,2
CID-755745,LID-262482,Housing,50000,2
CID-154986,LID-519435,Vehicle,5.00E+05,3
CID-579508,LID-527342,Personal,2.00E+05,10
CID-202476,LID-736948,Personal,1.00E+05,10
CID-652855,LID-722385,Housing,1.00E+05,3
CID-9185,LID-484798,Housing,2.00E+05,10
CID-598896,LID-568456,Personal,1.00E+05,2
CID-283280,LID-347253,Housing,1.00E+05,5
CID-603837,LID-830184,Vehicle,50000,2
CID-635849,LID-798681,Housing,5.00E+05,10
CID-719264,LID-355314,Vehicle,50000,5
CID-869495,LID-369426,Personal,2.00E+05,5
CID-769790,LID-385763,Vehicle,1.00E+05,10
CID-756520,LID-489460,Personal,1.00E+05,10
CID-12818,LID-7058,Housing,50000,5
CID-176310,LID-127109,Personal,1.00E+05,3
CID-31890,LID-835147,Personal,5.00E+05,10
CID-101901,LID-852007,Personal,2.00E+05,4
CID-818322,LID-896474,Housing,2.00E+05,3
CID-397686,LID-667153,Vehicle,5.00E+05,3
CID-880479,LID-530352,Vehicle,1.00E+05,3
CID-94232,LID-855015,Vehicle,5.00E+05,5
CID-143051,LID-70989,Personal,1.00E+05,4
CID-149346,LID-334556,Personal,1.00E+05,2
CID-743291,LID-374144,Vehicle,5.00E+05,2
CID-49021,LID-745913,Personal,50000,2
CID-373388,LID-625286,Personal,50000,4
CID-724468,LID-645787,Vehicle,1.00E+05,5
CID-757664,LID-651741,Housing,1.00E+05,2
CID-407667,LID-643050,Personal,2.00E+05,3
CID-622532,LID-191134,Vehicle,1.00E+05,2
CID-459567,LID-374513,Personal,1.00E+05,5
CID-184006,LID-883638,Personal,2.00E+05,5
CID-243368,LID-411170,Vehicle,1.00E+05,2
CID-147015,LID-280252,Personal,5.00E+05,4
CID-107004,LID-640134,Vehicle,5.00E+05,2
CID-353485,LID-89470,Housing,50000,2
CID-729226,LID-654027,Personal,1.00E+05,5
CID-441823,LID-321617,Personal,1.00E+05,4
CID-624337,LID-724394,Personal,50000,2
CID-833475,LID-711173,Vehicle,1.00E+05,2
CID-299119,LID-589770,Personal,5.00E+05,2
CID-189876,LID-54371,Personal,1.00E+05,4
CID-78779,LID-165097,Housing,5.00E+05,4
CID-776068,LID-773210,Personal,1.00E+05,10
CID-58254,LID-616399,Housing,1.00E+05,2
CID-447984,LID-103065,Vehicle,1.00E+05,5
CID-97046,LID-336721,Personal,5.00E+05,3
CID-722787,LID-845139,Vehicle,1.00E+05,5
CID-325196,LID-246717,Housing,1.00E+05,4
CID-41655,LID-376579,Vehicle,1.00E+05,4
CID-261067,LID-601927,Housing,5.00E+05,3
CID-100825,LID-162542,Vehicle,5.00E+05,5
CID-783428,LID-3396,Vehicle,2.00E+05,10
CID-485416,LID-514299,Housing,5.00E+05,5
CID-657573,LID-50167,Housing,2.00E+05,2
CID-299734,LID-829643,Vehicle,2.00E+05,10
CID-15288,LID-429245,Housing,2.00E+05,4
CID-462127,LID-65873,Personal,2.00E+05,4
CID-518821,LID-769233,Housing,5.00E+05,4
CID-458104,LID-303386,Housing,5.00E+05,10
CID-581556,LID-841692,Housing,1.00E+05,4
CID-298884,LID-845961,Housing,5.00E+05,5
CID-391335,LID-819747,Vehicle,50000,3
CID-369797,LID-621692,Vehicle,5.00E+05,4
CID-561716,LID-245887,Housing,50000,2
CID-527723,LID-583263,Personal,1.00E+05,5
CID-870597,LID-149426,Personal,1.00E+05,3
CID-110240,LID-572024,Housing,1.00E+05,2
CID-649187,LID-136844,Personal,1.00E+05,10
CID-541281,LID-91453,Housing,5.00E+05,4
CID-723867,LID-309508,Vehicle,1.00E+05,2
CID-265326,LID-130897,Vehicle,1.00E+05,2
CID-13313,LID-527254,Vehicle,5.00E+05,10
CID-212508,LID-449574,Personal,2.00E+05,10
CID-12234,LID-264450,Personal,5.00E+05,4
CID-72059,LID-629667,Vehicle,50000,3
CID-812186,LID-320393,Housing,50000,10
CID-577895,LID-353368,Personal,2.00E+05,5
CID-377938,LID-828808,Vehicle,50000,5
CID-241524,LID-272707,Personal,50000,3
CID-294318,LID-412529,Vehicle,5.00E+05,3
CID-767768,LID-533706,Vehicle,5.00E+05,4
CID-659051,LID-755745,Vehicle,2.00E+05,2
CID-428206,LID-445578,Housing,1.00E+05,5
